oid,time,magnitude,error,band
QSO_220.369583+50.377611,55373.723,18.701008,0.04028635,W1
QSO_220.369583+50.377611,55373.723,18.577711,0.06797608,W2
QSO_220.369583+50.377611,55560.973,18.62668,0.046438307,W1
QSO_220.369583+50.377611,55560.973,18.3063195,0.06685669,W2
QSO_220.369583+50.377611,56660.11,18.513669999999998,0.036505785,W1
QSO_220.369583+50.377611,56660.11,18.419802,0.07467328,W2
QSO_220.369583+50.377611,56838.316,18.601352,0.036082644,W1
QSO_220.369583+50.377611,56838.316,18.154194999999998,0.05309159,W2
QSO_220.369583+50.377611,57024.293,19.022962999999997,0.060629707,W1
QSO_220.369583+50.377611,57024.293,18.200807,0.06692604,W2
QSO_220.369583+50.377611,57196.176,18.177651,0.053472158,W2
QSO_220.369583+50.377611,57387.645,18.618745,0.038142838,W1
QSO_220.369583+50.377611,57387.645,18.461778,0.07439088,W2
QSO_220.369583+50.377611,57555.02,18.651227,0.035037998,W1
QSO_220.369583+50.377611,57555.02,18.501832999999998,0.06901291,W2
QSO_220.369583+50.377611,57753.324,18.563175,0.038175732,W1
QSO_220.369583+50.377611,57753.324,18.021302,0.05392661,W2
QSO_220.369583+50.377611,57917.02,18.702844999999996,0.04019902,W1
QSO_220.369583+50.377611,57916.953,18.22381,0.06264415,W2
QSO_220.369583+50.377611,58120.76,18.576497,0.04151247,W1
QSO_220.369583+50.377611,58120.83,18.145720999999998,0.06479786,W2
QSO_220.369583+50.377611,58277.363,18.758116,0.044679515,W1
QSO_220.369583+50.377611,58277.43,18.100055,0.059034638,W2
QSO_220.369583+50.377611,58483.04,18.536569,0.030669227,W1
QSO_220.369583+50.377611,58483.04,18.131056,0.050021403,W2
QSO_220.369583+50.377611,58643.055,18.517082000000002,0.03374878,W1
QSO_220.369583+50.377611,58643.055,18.192526,0.06229013,W2
QSO_220.369583+50.377611,58848.793,18.540868,0.036947507,W1
QSO_220.369583+50.377611,58848.793,20.16959,0.16763446,W1
QSO_220.369583+50.377611,58848.793,18.271978999999998,0.068446465,W2
QSO_220.369583+50.377611,59008.62,18.560684000000002,0.03566383,W1
QSO_220.369583+50.377611,59008.555,18.124463,0.06048504,W2
calib_s_220.375807+50.333176,55373.72265625,17.63135683441162,0.0154708214104175,W1
calib_s_220.375807+50.333176,55373.72265625,18.281033767700194,0.0508029088377952,W2
calib_s_220.375807+50.333176,55560.97265625,17.61640608215332,0.0190408080816268,W1
calib_s_220.375807+50.333176,55560.97265625,18.170650733947753,0.0606196783483028,W2
calib_s_220.375807+50.333176,56660.109375,17.621403335571287,0.0168952569365501,W1
calib_s_220.375807+50.333176,56660.109375,18.142138732910155,0.0599858462810516,W2
calib_s_220.375807+50.333176,56838.31640625,17.65585958862305,0.0153252920135855,W1
calib_s_220.375807+50.333176,56838.31640625,18.119792236328124,0.050924465060234,W2
calib_s_220.375807+50.333176,57024.29296875,17.60167848968506,0.0176888275891542,W1
calib_s_220.375807+50.333176,57024.29296875,18.2113030090332,0.0639144703745842,W2
calib_s_220.375807+50.333176,57196.17578125,17.64749109649658,0.0154635235667228,W1
calib_s_220.375807+50.333176,57196.17578125,18.08575178527832,0.0507795810699462,W2
calib_s_220.375807+50.333176,57387.64453125,17.57165968322754,0.0162369888275861,W1
calib_s_220.375807+50.333176,57387.64453125,18.10153795623779,0.0590903759002685,W2
calib_s_220.375807+50.333176,57555.01953125,17.618928550720216,0.0144296325743198,W1
calib_s_220.375807+50.333176,57555.01953125,18.245954765319823,0.0567713789641857,W2
calib_s_220.375807+50.333176,57753.32421875,17.620677589416502,0.0173142980784177,W1
calib_s_220.375807+50.333176,57753.32421875,18.284984840393065,0.0714821070432663,W2
calib_s_220.375807+50.333176,57917.01953125,17.678168891906736,0.0160415712743997,W1
calib_s_220.375807+50.333176,57916.953125,18.142228378295897,0.0534221902489662,W2
calib_s_220.375807+50.333176,58120.76171875,17.625721572875975,0.0176237486302852,W1
calib_s_220.375807+50.333176,58120.828125,18.196125282287596,0.0671765133738517,W2
calib_s_220.375807+50.333176,58277.36328125,17.60357630157471,0.0161416176706552,W1
calib_s_220.375807+50.333176,58277.4296875,18.110750450134276,0.0588041618466377,W2
calib_s_220.375807+50.333176,58483.0390625,17.615263580322264,0.0140850525349378,W1
calib_s_220.375807+50.333176,58483.0390625,18.169644607543944,0.0529653131961822,W2
calib_s_220.375807+50.333176,58643.0546875,17.637410758972166,0.015735175460577,W1
calib_s_220.375807+50.333176,58643.0546875,18.192843688964842,0.0633279159665107,W2
calib_s_220.375807+50.333176,58848.79296875,17.635829566955564,0.0170752126723527,W1
calib_s_220.375807+50.333176,58848.79296875,18.18532110595703,0.0659796223044395,W2
calib_s_220.375807+50.333176,59008.62109375,17.627287506103514,0.0158819295465946,W1
calib_s_220.375807+50.333176,59008.5546875,18.075101150512694,0.0606377907097339,W2
calib_s_220.328621+50.447142,55373.72265625,18.06369268798828,0.0236672423779964,W1
calib_s_220.328621+50.447142,55373.72265625,18.575883163452147,0.0694415345788002,W2
calib_s_220.328621+50.447142,55560.97265625,18.07454168701172,0.0278597548604011,W1
calib_s_220.328621+50.447142,55560.97265625,18.443410171508788,0.0717103257775306,W2
calib_s_220.328621+50.447142,56660.109375,18.06946432495117,0.0242028255015611,W1
calib_s_220.328621+50.447142,56660.109375,18.481045021057128,0.0832207277417182,W2
calib_s_220.328621+50.447142,56838.31640625,18.042244552612303,0.0234028063714504,W1
calib_s_220.328621+50.447142,56838.31640625,18.530168785095217,0.0789579078555107,W2
calib_s_220.328621+50.447142,57024.29296875,18.0416399230957,0.025176303461194,W1
calib_s_220.328621+50.447142,57024.29296875,18.51071764373779,0.0823793485760688,W2
calib_s_220.328621+50.447142,57196.17578125,18.063600181579588,0.0206420216709375,W1
calib_s_220.328621+50.447142,57196.17578125,18.351251853942873,0.0610805116593837,W2
calib_s_220.328621+50.447142,57387.64453125,18.028389572143556,0.0243500396609306,W1
calib_s_220.328621+50.447142,57387.64453125,18.35900617980957,0.0712764933705329,W2
calib_s_220.328621+50.447142,57555.01953125,18.071426033020018,0.0204924177378416,W1
calib_s_220.328621+50.447142,57555.01953125,18.51337171936035,0.0702990666031837,W2
calib_s_220.328621+50.447142,57753.32421875,18.066103576660154,0.0240987930446863,W1
calib_s_220.328621+50.447142,57753.32421875,18.308430923461913,0.0687209889292717,W2
calib_s_220.328621+50.447142,57917.01953125,18.25634062194824,0.0271180346608161,W1
calib_s_220.328621+50.447142,57916.953125,18.44014574432373,0.0730706825852394,W2
calib_s_220.328621+50.447142,58120.76171875,18.068775772094728,0.025261104106903,W1
calib_s_220.328621+50.447142,58120.828125,18.52000357055664,0.0889014974236488,W2
calib_s_220.328621+50.447142,58277.36328125,18.04270040893555,0.0228510797023773,W1
calib_s_220.328621+50.447142,58277.4296875,18.395314468383788,0.0749329403042793,W2
calib_s_220.328621+50.447142,58483.0390625,18.0644670715332,0.0207930300384759,W1
calib_s_220.328621+50.447142,58483.0390625,18.40844561004639,0.0656567737460136,W2
calib_s_220.328621+50.447142,58643.0546875,18.075173973083494,0.0227013621479272,W1
calib_s_220.328621+50.447142,58643.0546875,18.37268854522705,0.0723252743482589,W2
calib_s_220.328621+50.447142,58848.79296875,18.04142534637451,0.0234848894178867,W1
calib_s_220.328621+50.447142,58848.79296875,18.50119425201416,0.0840895473957061,W2
calib_s_220.328621+50.447142,59008.62109375,18.073188423156736,0.0239024776965379,W1
calib_s_220.328621+50.447142,59008.5546875,18.42359663391113,0.0835437923669815,W2
calib_s_220.249717+50.365524,55373.72265625,18.008209823608397,0.0218834821134805,W1
calib_s_220.249717+50.365524,55373.72265625,18.36026121520996,0.0549697019159793,W2
calib_s_220.249717+50.365524,55560.97265625,18.27565729522705,0.035016294568777,W1
calib_s_220.249717+50.365524,55560.97265625,18.414944900512694,0.0764746963977813,W2
calib_s_220.249717+50.365524,56660.109375,18.162378906249998,0.0264186337590217,W1
calib_s_220.249717+50.365524,56660.109375,18.481256736755373,0.0799030140042305,W2
calib_s_220.249717+50.365524,56838.31640625,18.113092063903807,0.023855647072196,W1
calib_s_220.249717+50.365524,56838.31640625,18.22438074493408,0.0581253990530967,W2
calib_s_220.249717+50.365524,57024.29296875,18.022299407958982,0.0246519818902015,W1
calib_s_220.249717+50.365524,57024.29296875,18.3087847366333,0.068007044494152,W2
calib_s_220.249717+50.365524,57196.17578125,18.015511154174803,0.0223587844520807,W1
calib_s_220.249717+50.365524,57196.17578125,18.357953323364256,0.0671270117163658,W2
calib_s_220.249717+50.365524,57387.64453125,18.16344225311279,0.0261669866740703,W1
calib_s_220.249717+50.365524,57387.64453125,18.388691200256346,0.0722073540091514,W2
calib_s_220.249717+50.365524,57555.01953125,18.16740190887451,0.0221512019634246,W1
calib_s_220.249717+50.365524,57555.01953125,18.354707969665526,0.0585294552147388,W2
calib_s_220.249717+50.365524,57753.32421875,18.451486228942873,0.0325699709355831,W1
calib_s_220.249717+50.365524,57753.32421875,18.285709632873534,0.0634531155228614,W2
calib_s_220.249717+50.365524,57917.01953125,18.04404222869873,0.0220328401774168,W1
calib_s_220.249717+50.365524,57916.953125,18.394348396301268,0.0709290578961372,W2
calib_s_220.249717+50.365524,58120.76171875,18.016697525024412,0.0242956764996051,W1
calib_s_220.249717+50.365524,58120.828125,18.43202806854248,0.0835006907582283,W2
calib_s_220.249717+50.365524,58277.36328125,18.099632858276365,0.0251436699181795,W1
calib_s_220.249717+50.365524,58277.4296875,18.330125106811522,0.0732423290610313,W2
calib_s_220.249717+50.365524,58483.0390625,18.180863021850584,0.02243547514081,W1
calib_s_220.249717+50.365524,58483.0390625,18.34367014312744,0.0614050067961216,W2
calib_s_220.249717+50.365524,58643.0546875,18.144095062255857,0.0235434267669916,W1
calib_s_220.249717+50.365524,58643.0546875,18.495126022338866,0.0804169923067092,W2
calib_s_220.249717+50.365524,58848.79296875,18.056499122619627,0.0248657930642366,W1
calib_s_220.249717+50.365524,58848.79296875,18.389803184509276,0.0794465243816375,W2
calib_s_220.249717+50.365524,59008.62109375,18.013823150634764,0.0229962281882762,W1
calib_s_220.249717+50.365524,59008.5546875,18.128516448974608,0.0666767060756683,W2
calib_s_220.207098+50.362045,55373.72265625,17.50237905883789,0.0138892503455281,W1
calib_s_220.207098+50.362045,55373.72265625,18.267536415100096,0.0508460141718387,W2
calib_s_220.207098+50.362045,55560.97265625,17.536219238281248,0.0177652891725301,W1
calib_s_220.207098+50.362045,55560.97265625,18.27353311920166,0.0673338025808334,W2
calib_s_220.207098+50.362045,56660.109375,17.4596725692749,0.0146427396684885,W1
calib_s_220.207098+50.362045,56660.109375,18.299545539855956,0.0681453943252563,W2
calib_s_220.207098+50.362045,56838.31640625,17.505825637817384,0.0145594468340277,W1
calib_s_220.207098+50.362045,56838.31640625,18.209401382446288,0.0598403625190258,W2
calib_s_220.207098+50.362045,57024.29296875,17.493569969177244,0.0150191998109221,W1
calib_s_220.207098+50.362045,57024.29296875,18.234123481750487,0.0645711496472358,W2
calib_s_220.207098+50.362045,57196.17578125,17.484789489746092,0.0135629028081893,W1
calib_s_220.207098+50.362045,57196.17578125,18.26651121520996,0.0598387718200683,W2
calib_s_220.207098+50.362045,57387.64453125,17.466452239990232,0.0146845486015081,W1
calib_s_220.207098+50.362045,57387.64453125,18.210291160583495,0.0622752793133258,W2
calib_s_220.207098+50.362045,57555.01953125,17.496369956970216,0.0126962810754776,W1
calib_s_220.207098+50.362045,57555.01953125,18.1757280960083,0.0506679974496364,W2
calib_s_220.207098+50.362045,57753.32421875,17.49185144805908,0.013770486228168,W1
calib_s_220.207098+50.362045,57753.32421875,18.19937635803223,0.0587430000305175,W2
calib_s_220.207098+50.362045,57917.01953125,17.51978456878662,0.0143354572355747,W1
calib_s_220.207098+50.362045,57916.953125,18.09825064086914,0.0539593771100044,W2
calib_s_220.207098+50.362045,58120.76171875,17.447268127441404,0.0155238714069128,W1
calib_s_220.207098+50.362045,58120.828125,18.160571350097655,0.0664713978767395,W2
calib_s_220.207098+50.362045,58277.36328125,17.49244463348389,0.0140102207660675,W1
calib_s_220.207098+50.362045,58277.4296875,18.236446632385253,0.0629487782716751,W2
calib_s_220.207098+50.362045,58483.0390625,17.42070066833496,0.0118320062756538,W1
calib_s_220.207098+50.362045,58483.0390625,18.26717497253418,0.0560518987476825,W2
calib_s_220.207098+50.362045,58643.0546875,17.433297752380373,0.0133957359939813,W1
calib_s_220.207098+50.362045,58643.0546875,18.23687483215332,0.0641674324870109,W2
calib_s_220.207098+50.362045,58848.79296875,17.517447113037107,0.0154997669160366,W1
calib_s_220.207098+50.362045,58848.79296875,18.17454458618164,0.0647923201322555,W2
calib_s_220.207098+50.362045,59008.62109375,17.453472732543943,0.0139031959697604,W1
calib_s_220.207098+50.362045,59008.5546875,18.040601982116698,0.0604978427290916,W2
calib_s_220.583248+50.518532,55373.72265625,18.204164146423338,0.0246007889509201,W1
calib_s_220.583248+50.518532,55373.72265625,18.685749305725096,0.0712178722023963,W2
calib_s_220.583248+50.518532,55560.97265625,18.28519213104248,0.035202533006668,W1
calib_s_220.583248+50.518532,55560.97265625,18.39880110168457,0.0745229050517082,W2
calib_s_220.583248+50.518532,56660.109375,18.276435493469236,0.0301094949245452,W1
calib_s_220.583248+50.518532,56660.109375,18.34067942047119,0.0726753026247024,W2
calib_s_220.583248+50.518532,56838.31640625,18.28215086364746,0.0260391943156719,W1
calib_s_220.583248+50.518532,56838.31640625,18.417823089599608,0.0649072900414466,W2
calib_s_220.583248+50.518532,57024.29296875,18.092561363220216,0.0268722120672464,W1
calib_s_220.583248+50.518532,57024.29296875,18.29529024505615,0.0738065466284751,W2
calib_s_220.583248+50.518532,57196.17578125,18.294302581787107,0.0262807551771402,W1
calib_s_220.583248+50.518532,57196.17578125,18.398743881225585,0.0642793253064155,W2
calib_s_220.583248+50.518532,57387.64453125,18.337479232788084,0.0312512293457984,W1
calib_s_220.583248+50.518532,57387.64453125,18.477022422790526,0.0792596638202667,W2
calib_s_220.583248+50.518532,57555.01953125,18.323263763427732,0.0248990785330533,W1
calib_s_220.583248+50.518532,57555.01953125,18.366488708496092,0.0589879639446735,W2
calib_s_220.583248+50.518532,57753.32421875,18.20597612762451,0.0274530444294214,W1
calib_s_220.583248+50.518532,57753.32421875,18.38028360748291,0.0756917670369148,W2
calib_s_220.583248+50.518532,57917.01953125,18.130419372558592,0.0243413597345352,W1
calib_s_220.583248+50.518532,57916.953125,18.333698524475096,0.0681427642703056,W2
calib_s_220.583248+50.518532,58120.76171875,18.222569107055662,0.0290906336158514,W1
calib_s_220.583248+50.518532,58120.828125,18.394342674255373,0.0802852287888526,W2
calib_s_220.583248+50.518532,58277.36328125,18.05391847991943,0.0235494915395975,W1
calib_s_220.583248+50.518532,58277.4296875,18.31448770904541,0.0700776576995849,W2
calib_s_220.583248+50.518532,58483.0390625,18.48177015686035,0.0305494219064712,W1
calib_s_220.583248+50.518532,58483.0390625,18.520737899780272,0.0726497769355773,W2
calib_s_220.583248+50.518532,58643.0546875,18.37716066741943,0.0300658866763114,W1
calib_s_220.583248+50.518532,58643.0546875,18.593650115966796,0.0901848524808883,W2
calib_s_220.583248+50.518532,58848.79296875,18.139614700317384,0.0253028459846973,W1
calib_s_220.583248+50.518532,58848.79296875,18.447280181884764,0.0819243267178535,W2
calib_s_220.583248+50.518532,59008.62109375,18.3639751663208,0.0298765320330858,W1
calib_s_220.583248+50.518532,59008.5546875,18.42294145965576,0.0806092992424964,W2
calib_s_220.362944+50.524953,55373.72265625,17.787870048522947,0.0180104561150074,W1
calib_s_220.362944+50.524953,55373.72265625,18.21882177734375,0.0490093044936656,W2
calib_s_220.362944+50.524953,55560.97265625,17.737842201232908,0.0220119412988424,W1
calib_s_220.362944+50.524953,55560.97265625,18.26046301269531,0.0639709681272506,W2
calib_s_220.362944+50.524953,56660.109375,17.754805206298826,0.0185289494693279,W1
calib_s_220.362944+50.524953,56660.109375,18.41140390777588,0.0775033310055732,W2
calib_s_220.362944+50.524953,56838.31640625,17.779013275146482,0.0181165020912885,W1
calib_s_220.362944+50.524953,56838.31640625,18.36841608428955,0.0679879412055015,W2
calib_s_220.362944+50.524953,57024.29296875,17.763599037170408,0.0194403082132339,W1
calib_s_220.362944+50.524953,57024.29296875,18.30062223815918,0.0696462467312812,W2
calib_s_220.362944+50.524953,57196.17578125,17.76738798522949,0.0173886138945817,W1
calib_s_220.362944+50.524953,57196.17578125,18.387276901245116,0.0660052001476287,W2
calib_s_220.362944+50.524953,57387.64453125,17.729917167663572,0.0181603878736495,W1
calib_s_220.362944+50.524953,57387.64453125,18.172334922790526,0.0572796761989593,W2
calib_s_220.362944+50.524953,57555.01953125,17.82444536590576,0.017716022208333,W1
calib_s_220.362944+50.524953,57555.01953125,18.384046806335448,0.0662149116396904,W2
calib_s_220.362944+50.524953,57753.32421875,17.73776209259033,0.0178091842681169,W1
calib_s_220.362944+50.524953,57753.32421875,18.30983854675293,0.0665335208177566,W2
calib_s_220.362944+50.524953,57917.01953125,17.79862558746338,0.0174253154546022,W1
calib_s_220.362944+50.524953,57916.953125,18.32494570159912,0.0650816261768341,W2
calib_s_220.362944+50.524953,58120.76171875,17.74659407043457,0.0189480353146791,W1
calib_s_220.362944+50.524953,58120.828125,18.312883628845217,0.0755255073308944,W2
calib_s_220.362944+50.524953,58277.36328125,17.725814460754396,0.0175144411623477,W1
calib_s_220.362944+50.524953,58277.4296875,18.29539991760254,0.0694938525557518,W2
calib_s_220.362944+50.524953,58483.0390625,17.757290481567384,0.0153257772326469,W1
calib_s_220.362944+50.524953,58483.0390625,18.31568647766113,0.0584193877875804,W2
calib_s_220.362944+50.524953,58643.0546875,17.765831588745115,0.0164438560605049,W1
calib_s_220.362944+50.524953,58643.0546875,18.392128242492674,0.0721282511949539,W2
calib_s_220.362944+50.524953,58848.79296875,17.72219240570068,0.0185199324041605,W1
calib_s_220.362944+50.524953,58848.79296875,18.319366706848143,0.0730150490999221,W2
calib_s_220.362944+50.524953,59008.62109375,17.7746778717041,0.0178661085665226,W1
calib_s_220.362944+50.524953,59008.5546875,18.237049354553225,0.0677219703793525,W2
calib_s_220.250405+50.458506,55373.72265625,17.50313055419922,0.0139030003920197,W1
calib_s_220.250405+50.458506,55373.72265625,18.193433059692385,0.0474002920091152,W2
calib_s_220.250405+50.458506,55560.97265625,17.541220306396482,0.0168474875390529,W1
calib_s_220.250405+50.458506,55560.97265625,18.237388862609862,0.0607098378241062,W2
calib_s_220.250405+50.458506,56660.109375,17.490306495666502,0.0145309651270508,W1
calib_s_220.250405+50.458506,56660.109375,18.146143211364745,0.0591474473476409,W2
calib_s_220.250405+50.458506,56838.31640625,17.547431587219236,0.0146458679810166,W1
calib_s_220.250405+50.458506,56838.31640625,18.220394386291503,0.0573559291660785,W2
calib_s_220.250405+50.458506,57024.29296875,17.49053919219971,0.0149773461744189,W1
calib_s_220.250405+50.458506,57024.29296875,18.167134536743163,0.0611871406435966,W2
calib_s_220.250405+50.458506,57196.17578125,17.477974533081056,0.012726766988635,W1
calib_s_220.250405+50.458506,57196.17578125,18.27335764312744,0.0559599138796329,W2
calib_s_220.250405+50.458506,57387.64453125,17.469636558532716,0.0146766705438494,W1
calib_s_220.250405+50.458506,57387.64453125,18.1220114364624,0.0560627654194831,W2
calib_s_220.250405+50.458506,57555.01953125,17.52656233215332,0.0127266133204102,W1
calib_s_220.250405+50.458506,57555.01953125,18.214820159912108,0.051559679210186,W2
calib_s_220.250405+50.458506,57753.32421875,17.464204429626463,0.0149785727262496,W1
calib_s_220.250405+50.458506,57753.32421875,18.27702738189697,0.0658410564064979,W2
calib_s_220.250405+50.458506,57917.01953125,17.5313860168457,0.0148621844127774,W1
calib_s_220.250405+50.458506,57916.953125,18.23135496520996,0.0640118643641471,W2
calib_s_220.250405+50.458506,58120.76171875,17.476395248413084,0.0153174921870231,W1
calib_s_220.250405+50.458506,58120.828125,18.34673239135742,0.0784318968653678,W2
calib_s_220.250405+50.458506,58277.36328125,17.544518112182615,0.0152930971235036,W1
calib_s_220.250405+50.458506,58277.4296875,18.22665239715576,0.0632568895816803,W2
calib_s_220.250405+50.458506,58483.0390625,17.460525154113768,0.0119925187900662,W1
calib_s_220.250405+50.458506,58483.0390625,18.189082397460936,0.0527985580265522,W2
calib_s_220.250405+50.458506,58643.0546875,17.496159194946287,0.0136764207854866,W1
calib_s_220.250405+50.458506,58643.0546875,18.344135536193846,0.0697630196809768,W2
calib_s_220.250405+50.458506,58848.79296875,17.515578865051268,0.0152857853099703,W1
calib_s_220.250405+50.458506,58848.79296875,18.17211367034912,0.0620016939938068,W2
calib_s_220.250405+50.458506,59008.62109375,17.559240936279295,0.0159068945795297,W1
calib_s_220.250405+50.458506,59008.5546875,18.279881729125975,0.0769264698028564,W2
calib_s_220.436046+50.34479,55373.72265625,17.898264526367186,0.0202304180711507,W1
calib_s_220.436046+50.34479,55373.72265625,18.473865760803225,0.06196229159832,W2
calib_s_220.436046+50.34479,55560.97265625,17.98045122528076,0.0256546083837747,W1
calib_s_220.436046+50.34479,55560.97265625,18.204309715270995,0.0604312680661678,W2
calib_s_220.436046+50.34479,56660.109375,17.86492216491699,0.0209371708333492,W1
calib_s_220.436046+50.34479,56660.109375,18.310564292907717,0.0707458779215812,W2
calib_s_220.436046+50.34479,56838.31640625,17.89513552093506,0.0189883578568696,W1
calib_s_220.436046+50.34479,56838.31640625,18.255445732116698,0.0572061873972415,W2
calib_s_220.436046+50.34479,57024.29296875,17.98059999847412,0.0242841616272926,W1
calib_s_220.436046+50.34479,57024.29296875,18.16312528991699,0.0625731274485588,W2
calib_s_220.436046+50.34479,57196.17578125,17.93049871826172,0.0193213019520044,W1
calib_s_220.436046+50.34479,57196.17578125,18.286653770446776,0.0587901137769222,W2
calib_s_220.436046+50.34479,57387.64453125,17.833196281433104,0.0197689905762672,W1
calib_s_220.436046+50.34479,57387.64453125,18.408662094116213,0.0754653438925743,W2
calib_s_220.436046+50.34479,57555.01953125,17.968960403442384,0.0193445365875959,W1
calib_s_220.436046+50.34479,57555.01953125,18.205481781005858,0.054163884371519,W2
calib_s_220.436046+50.34479,57753.32421875,17.87755644226074,0.0206886399537324,W1
calib_s_220.436046+50.34479,57753.32421875,18.23299528503418,0.0653728395700454,W2
calib_s_220.436046+50.34479,57917.01953125,17.868979095458982,0.0196386370807886,W1
calib_s_220.436046+50.34479,57916.953125,18.481111778259276,0.0801784098148346,W2
calib_s_220.436046+50.34479,58120.76171875,17.989137290954588,0.0239294283092021,W1
calib_s_220.436046+50.34479,58120.828125,18.17485262298584,0.065906211733818,W2
calib_s_220.436046+50.34479,58277.36328125,17.90922033691406,0.0210177339613437,W1
calib_s_220.436046+50.34479,58277.4296875,18.37052561187744,0.0739865973591804,W2
calib_s_220.436046+50.34479,58483.0390625,18.340801834106443,0.0267419964075088,W1
calib_s_220.436046+50.34479,58483.0390625,18.73535215759277,0.0383558459579944,W1
calib_s_220.436046+50.34479,58483.0390625,18.221454872131346,0.056153368204832,W2
calib_s_220.436046+50.34479,58643.0546875,17.90042650604248,0.0199723597615957,W1
calib_s_220.436046+50.34479,58643.0546875,18.13499094390869,0.0584683790802955,W2
calib_s_220.436046+50.34479,58848.79296875,17.919947265624998,0.0218151919543743,W1
calib_s_220.436046+50.34479,58848.79296875,18.174911750793456,0.0653184354305267,W2
calib_s_220.436046+50.34479,59008.62109375,17.853961585998533,0.018990533426404,W1
calib_s_220.436046+50.34479,59008.5546875,18.452006591796877,0.0821762457489967,W2
calib_s_220.135739+50.340889,55373.72265625,17.52786981964111,0.0142729012295603,W1
calib_s_220.135739+50.340889,55373.72265625,18.281328453063963,0.0518217906355857,W2
calib_s_220.135739+50.340889,55560.97265625,17.52060186767578,0.0170999616384506,W1
calib_s_220.135739+50.340889,55560.97265625,18.27827764892578,0.0655392259359359,W2
calib_s_220.135739+50.340889,56660.109375,17.525148033142088,0.0157280694693326,W1
calib_s_220.135739+50.340889,56660.109375,18.206512702941897,0.0648112595081329,W2
calib_s_220.135739+50.340889,56838.31640625,17.520230888366697,0.0146813476458191,W1
calib_s_220.135739+50.340889,56838.31640625,18.21478010559082,0.0629307106137275,W2
calib_s_220.135739+50.340889,57024.29296875,17.510566352844236,0.0162302292883396,W1
calib_s_220.135739+50.340889,57024.29296875,18.304595245361327,0.0717171877622604,W2
calib_s_220.135739+50.340889,57196.17578125,17.51638185882568,0.0132594723254442,W1
calib_s_220.135739+50.340889,57196.17578125,18.356618179321288,0.060815293341875,W2
calib_s_220.135739+50.340889,57387.64453125,17.521359085083006,0.0152011467143893,W1
calib_s_220.135739+50.340889,57387.64453125,18.297868980407717,0.0647002384066581,W2
calib_s_220.135739+50.340889,57555.01953125,17.51249754333496,0.0126190176233649,W1
calib_s_220.135739+50.340889,57555.01953125,18.252564682006835,0.0537706278264522,W2
calib_s_220.135739+50.340889,57753.32421875,17.505973457336424,0.0148779368028044,W1
calib_s_220.135739+50.340889,57753.32421875,18.388172401428225,0.0735611096024513,W2
calib_s_220.135739+50.340889,57917.01953125,17.553747772216795,0.0141009083017706,W1
calib_s_220.135739+50.340889,57916.953125,18.25016428375244,0.0599274709820747,W2
calib_s_220.135739+50.340889,58120.76171875,17.55826342010498,0.0167667716741561,W1
calib_s_220.135739+50.340889,58120.828125,18.23298956298828,0.0690819397568702,W2
calib_s_220.135739+50.340889,58277.36328125,17.518912910461424,0.0151903722435235,W1
calib_s_220.135739+50.340889,58277.4296875,18.20908476257324,0.0646180287003517,W2
calib_s_220.135739+50.340889,58483.0390625,17.524554847717283,0.0127750486135482,W1
calib_s_220.135739+50.340889,58483.0390625,18.2464010848999,0.0557311065495014,W2
calib_s_220.135739+50.340889,58643.0546875,17.57861959838867,0.0150045044720172,W1
calib_s_220.135739+50.340889,58643.0546875,18.173590911865233,0.0620580725371837,W2
calib_s_220.135739+50.340889,58848.79296875,17.51872026824951,0.0161024592816829,W1
calib_s_220.135739+50.340889,58848.79296875,18.12744356536865,0.0661575943231582,W2
calib_s_220.135739+50.340889,59008.62109375,17.522240280151365,0.0149182062596082,W1
calib_s_220.135739+50.340889,59008.5546875,18.321393264770506,0.0741411074995994,W2
calib_s_220.298892+50.242518,55373.72265625,17.87134992980957,0.019466022029519,W1
calib_s_220.298892+50.242518,55373.72265625,18.277302993774413,0.0526947900652885,W2
calib_s_220.298892+50.242518,55560.97265625,17.883778213500975,0.0212630126625299,W1
calib_s_220.298892+50.242518,55560.97265625,18.187714828491213,0.0545997433364391,W2
calib_s_220.298892+50.242518,56660.109375,17.874484657287596,0.0215474031865596,W1
calib_s_220.298892+50.242518,56660.109375,18.11673475646973,0.0587827414274215,W2
calib_s_220.298892+50.242518,56838.31640625,17.90897905731201,0.0209219455718994,W1
calib_s_220.298892+50.242518,56838.31640625,18.318307174682616,0.067292995750904,W2
calib_s_220.298892+50.242518,57024.29296875,17.858255027770994,0.0228967349976301,W1
calib_s_220.298892+50.242518,57024.29296875,18.230664505004885,0.0652400329709053,W2
calib_s_220.298892+50.242518,57196.17578125,17.867701171874998,0.0182784888893365,W1
calib_s_220.298892+50.242518,57196.17578125,18.33992601776123,0.0614738427102565,W2
calib_s_220.298892+50.242518,57387.64453125,17.872287391662596,0.0209909584373235,W1
calib_s_220.298892+50.242518,57387.64453125,18.27852178955078,0.0716182067990303,W2
calib_s_220.298892+50.242518,57555.01953125,17.932268737792967,0.01947314850986,W1
calib_s_220.298892+50.242518,57555.01953125,18.20527674102783,0.0569548420608043,W2
calib_s_220.298892+50.242518,57753.32421875,17.94008028411865,0.0236235819756984,W1
calib_s_220.298892+50.242518,57753.32421875,18.174253715515135,0.0630273297429084,W2
calib_s_220.298892+50.242518,57917.01953125,17.89317095184326,0.0198687352240085,W1
calib_s_220.298892+50.242518,57916.953125,18.209930671691897,0.0592451468110084,W2
calib_s_220.298892+50.242518,58120.76171875,17.856643318176268,0.0213002208620309,W1
calib_s_220.298892+50.242518,58120.828125,18.142643226623534,0.0657078996300697,W2
calib_s_220.298892+50.242518,58277.36328125,17.87805616760254,0.0203021988272666,W1
calib_s_220.298892+50.242518,58277.4296875,18.182220710754397,0.062488205730915,W2
calib_s_220.298892+50.242518,58483.0390625,17.86556398773193,0.0171802248805761,W1
calib_s_220.298892+50.242518,58483.0390625,18.140544189453124,0.0505526587367057,W2
calib_s_220.298892+50.242518,58643.0546875,17.921390174865724,0.0204433687031269,W1
calib_s_220.298892+50.242518,58643.0546875,18.233532203674315,0.066687025129795,W2
calib_s_220.298892+50.242518,58848.79296875,17.85839140319824,0.0205165054649114,W1
calib_s_220.298892+50.242518,58848.79296875,18.129451049804686,0.0655420571565628,W2
calib_s_220.298892+50.242518,59008.62109375,17.854240058898924,0.0196154247969388,W1
calib_s_220.298892+50.242518,59008.5546875,18.301405204772948,0.0721359401941299,W2
calib_s_220.393445+50.510507,55373.72265625,17.89005243682861,0.0193200446665287,W1
calib_s_220.393445+50.510507,55373.72265625,18.389774574279784,0.0562582127749919,W2
calib_s_220.393445+50.510507,55560.97265625,17.94461786651611,0.0247913915663957,W1
calib_s_220.393445+50.510507,55560.97265625,18.360901130676268,0.0719766616821289,W2
calib_s_220.393445+50.510507,56660.109375,17.865100502014158,0.019810564815998,W1
calib_s_220.393445+50.510507,56660.109375,18.325676216125487,0.0678244158625602,W2
calib_s_220.393445+50.510507,56838.31640625,17.88771784210205,0.0198661927133798,W1
calib_s_220.393445+50.510507,56838.31640625,18.341278327941897,0.0646423399448394,W2
calib_s_220.393445+50.510507,57024.29296875,17.895498870849607,0.0212671142071485,W1
calib_s_220.393445+50.510507,57024.29296875,18.334776176452635,0.0715258792042732,W2
calib_s_220.393445+50.510507,57196.17578125,17.850593208312986,0.0183591302484273,W1
calib_s_220.393445+50.510507,57196.17578125,18.267299903869628,0.0601659566164016,W2
calib_s_220.393445+50.510507,57387.64453125,17.888111709594728,0.0206324905157089,W1
calib_s_220.393445+50.510507,57387.64453125,18.300001396179198,0.0664277076721191,W2
calib_s_220.393445+50.510507,57555.01953125,17.856251358032228,0.0177261717617511,W1
calib_s_220.393445+50.510507,57555.01953125,18.365442527770995,0.0635742619633674,W2
calib_s_220.393445+50.510507,57753.32421875,17.894321083068846,0.0208023637533187,W1
calib_s_220.393445+50.510507,57753.32421875,18.253498329162596,0.0639581233263015,W2
calib_s_220.393445+50.510507,57917.01953125,17.960086463928224,0.0200878381729125,W1
calib_s_220.393445+50.510507,57916.953125,18.29991651916504,0.06523197889328,W2
calib_s_220.393445+50.510507,58120.76171875,17.839254974365232,0.0210004728287458,W1
calib_s_220.393445+50.510507,58120.828125,18.203450454711913,0.0675070732831955,W2
calib_s_220.393445+50.510507,58277.36328125,17.8741012802124,0.0189539492130279,W1
calib_s_220.393445+50.510507,58277.4296875,18.31718088531494,0.0669560730457305,W2
calib_s_220.393445+50.510507,58483.0390625,17.909344314575193,0.0177888665348291,W1
calib_s_220.393445+50.510507,58483.0390625,18.33858038330078,0.0613802932202816,W2
calib_s_220.393445+50.510507,58643.0546875,17.91152918243408,0.0191238019615411,W1
calib_s_220.393445+50.510507,58643.0546875,18.398063911437987,0.0721971318125724,W2
calib_s_220.393445+50.510507,58848.79296875,17.93986570739746,0.0217490475624799,W1
calib_s_220.393445+50.510507,58848.79296875,18.450512184143065,0.0803146734833717,W2
calib_s_220.393445+50.510507,59008.62109375,17.87110006713867,0.0193289685994386,W1
calib_s_220.393445+50.510507,59008.5546875,18.48468328857422,0.0842625424265861,W2
calib_s_220.181932+50.382786,55373.72265625,17.853878616333006,0.0196423474699258,W1
calib_s_220.181932+50.382786,55373.72265625,18.375004066467284,0.0577736645936965,W2
calib_s_220.181932+50.382786,55560.97265625,17.927430747985838,0.0257045235484838,W1
calib_s_220.181932+50.382786,55560.97265625,18.27016855621338,0.0671126097440719,W2
calib_s_220.181932+50.382786,56660.109375,17.869490264892576,0.0203702617436647,W1
calib_s_220.181932+50.382786,56660.109375,18.238840354919432,0.0644861310720443,W2
calib_s_220.181932+50.382786,56838.31640625,17.831836341857908,0.0195440016686916,W1
calib_s_220.181932+50.382786,56838.31640625,18.449517501831057,0.0767948552966117,W2
calib_s_220.181932+50.382786,57024.29296875,17.87589609527588,0.0214377287775278,W1
calib_s_220.181932+50.382786,57024.29296875,18.35050989532471,0.0693606585264206,W2
calib_s_220.181932+50.382786,57196.17578125,17.832667945861814,0.0185049660503864,W1
calib_s_220.181932+50.382786,57196.17578125,18.345340980529784,0.0622810944914817,W2
calib_s_220.181932+50.382786,57387.64453125,17.847392677307127,0.0202587414532899,W1
calib_s_220.181932+50.382786,57387.64453125,18.41064192199707,0.0741910710930824,W2
calib_s_220.181932+50.382786,57555.01953125,17.831264137268064,0.0165969692170619,W1
calib_s_220.181932+50.382786,57555.01953125,18.403501762390135,0.0632276013493537,W2
calib_s_220.181932+50.382786,57753.32421875,17.833816169738768,0.0191878303885459,W1
calib_s_220.181932+50.382786,57753.32421875,18.359858764648436,0.0702628418803215,W2
calib_s_220.181932+50.382786,57917.01953125,17.861050247192384,0.0190394520759582,W1
calib_s_220.181932+50.382786,57916.953125,18.29814840698242,0.0645000264048576,W2
calib_s_220.181932+50.382786,58120.76171875,17.883254646301268,0.0220644455403089,W1
calib_s_220.181932+50.382786,58120.828125,18.345218910217284,0.0757510215044021,W2
calib_s_220.181932+50.382786,58277.36328125,17.818791030883787,0.01938739977777,W1
calib_s_220.181932+50.382786,58277.4296875,18.290345443725585,0.0685758516192436,W2
calib_s_220.181932+50.382786,58483.0390625,17.84280645751953,0.0160790961235761,W1
calib_s_220.181932+50.382786,58483.0390625,18.310080780029296,0.0554517470300197,W2
calib_s_220.181932+50.382786,58643.0546875,17.852738021850584,0.0183652751147747,W1
calib_s_220.181932+50.382786,58643.0546875,18.32602812194824,0.0669662803411483,W2
calib_s_220.181932+50.382786,58848.79296875,17.885899185180662,0.0216713901609182,W1
calib_s_220.181932+50.382786,58848.79296875,18.307708038330077,0.0756770521402359,W2
calib_s_220.181932+50.382786,59008.62109375,17.87078916931152,0.0207321867346763,W1
calib_s_220.181932+50.382786,59008.5546875,18.318436874389647,0.0782961696386337,W2
calib_s_220.457449+50.369136,55373.72265625,17.930206893920897,0.0203481391072273,W1
calib_s_220.457449+50.369136,55373.72265625,18.366408599853514,0.0568706355988979,W2
calib_s_220.457449+50.369136,55560.97265625,17.92010462188721,0.0240571200847625,W1
calib_s_220.457449+50.369136,55560.97265625,18.394219650268557,0.0705684572458267,W2
calib_s_220.457449+50.369136,56660.109375,17.86229765319824,0.0211111921817064,W1
calib_s_220.457449+50.369136,56660.109375,18.442363037109377,0.0803960487246513,W2
calib_s_220.457449+50.369136,56838.31640625,17.83653032684326,0.0195708349347114,W1
calib_s_220.457449+50.369136,56838.31640625,18.345893157958983,0.0657499060034751,W2
calib_s_220.457449+50.369136,57024.29296875,17.888865112304686,0.0222281403839588,W1
calib_s_220.457449+50.369136,57024.29296875,18.274776710510253,0.0701589062809944,W2
calib_s_220.457449+50.369136,57196.17578125,17.900683044433592,0.0180914141237735,W1
calib_s_220.457449+50.369136,57196.17578125,18.303396476745604,0.0559190474450588,W2
calib_s_220.457449+50.369136,57387.64453125,17.942084907531736,0.0228315833956003,W1
calib_s_220.457449+50.369136,57387.64453125,18.35574747467041,0.0753891989588737,W2
calib_s_220.457449+50.369136,57555.01953125,17.8529888381958,0.018384676426649,W1
calib_s_220.457449+50.369136,57555.01953125,18.243170989990233,0.0607716478407382,W2
calib_s_220.457449+50.369136,57753.32421875,17.93921816253662,0.0216333381831645,W1
calib_s_220.457449+50.369136,57753.32421875,18.284716857910155,0.0681159794330596,W2
calib_s_220.457449+50.369136,57917.01953125,17.90836298370361,0.0197753943502903,W1
calib_s_220.457449+50.369136,57916.953125,18.501264823913573,0.0797982737421989,W2
calib_s_220.457449+50.369136,58120.76171875,17.882414459228514,0.0224460233002901,W1
calib_s_220.457449+50.369136,58120.828125,18.321760429382323,0.0787393003702163,W2
calib_s_220.457449+50.369136,58277.36328125,17.893955825805662,0.019830297678709,W1
calib_s_220.457449+50.369136,58277.4296875,18.388660682678225,0.0732669383287429,W2
calib_s_220.457449+50.369136,58483.0390625,17.898927330017088,0.0182927772402763,W1
calib_s_220.457449+50.369136,58483.0390625,18.311797393798827,0.0608090050518512,W2
calib_s_220.457449+50.369136,58643.0546875,18.261709808349607,0.0276302937418222,W1
calib_s_220.457449+50.369136,58643.0546875,18.299371017456057,0.0702537074685096,W2
calib_s_220.457449+50.369136,58848.79296875,17.90573751831055,0.0218070577830076,W1
calib_s_220.457449+50.369136,58848.79296875,18.354565872192385,0.0769573599100112,W2
calib_s_220.457449+50.369136,59008.62109375,17.89785158538818,0.0197105631232261,W1
calib_s_220.457449+50.369136,59008.5546875,18.398606552124022,0.0788932591676712,W2
calib_s_220.424656+50.323066,55373.72265625,18.396143554687498,0.031050955876708,W1
calib_s_220.424656+50.323066,55373.72265625,18.445879234313963,0.0609117336571216,W2
calib_s_220.424656+50.323066,55560.97265625,18.448603271484377,0.0407623760402202,W1
calib_s_220.424656+50.323066,55560.97265625,18.337562812805174,0.0725159272551536,W2
calib_s_220.424656+50.323066,56660.109375,18.40139734649658,0.0336165688931942,W1
calib_s_220.424656+50.323066,56660.109375,18.455384506225585,0.0790717899799346,W2
calib_s_220.424656+50.323066,56838.31640625,18.490242599487303,0.0312740951776504,W1
calib_s_220.424656+50.323066,56838.31640625,18.399078620910643,0.0640078634023666,W2
calib_s_220.424656+50.323066,57024.29296875,18.458688377380373,0.0371295437216758,W1
calib_s_220.424656+50.323066,57024.29296875,18.3856194152832,0.0768735408782959,W2
calib_s_220.424656+50.323066,57196.17578125,18.464095710754396,0.0324283167719841,W1
calib_s_220.424656+50.323066,57196.17578125,18.325376762390135,0.063076838850975,W2
calib_s_220.424656+50.323066,57387.64453125,18.498710273742674,0.0360074378550052,W1
calib_s_220.424656+50.323066,57387.64453125,18.47285486602783,0.07769176363945,W2
calib_s_220.424656+50.323066,57555.01953125,18.521184562683104,0.0311154928058385,W1
calib_s_220.424656+50.323066,57555.01953125,18.422627700805663,0.0652617663145065,W2
calib_s_220.424656+50.323066,57753.32421875,18.44774687194824,0.0337535701692104,W1
calib_s_220.424656+50.323066,57753.32421875,18.357999099731444,0.0718036070466041,W2
calib_s_220.424656+50.323066,57917.01953125,18.43859255218506,0.0309039577841758,W1
calib_s_220.424656+50.323066,57916.953125,18.30082918548584,0.0654012262821197,W2
calib_s_220.424656+50.323066,58120.76171875,18.478623985290525,0.0370405130088329,W1
calib_s_220.424656+50.323066,58120.828125,18.47758699798584,0.085989736020565,W2
calib_s_220.424656+50.323066,58277.36328125,18.45107233428955,0.0322663001716136,W1
calib_s_220.424656+50.323066,58277.4296875,18.39831758880615,0.0743636861443519,W2
calib_s_220.424656+50.323066,58483.0390625,18.409129737854002,0.0288063883781433,W1
calib_s_220.424656+50.323066,58483.0390625,18.37331224822998,0.0679163336753845,W2
calib_s_220.424656+50.323066,58643.0546875,18.447727798461912,0.0316924042999744,W1
calib_s_220.424656+50.323066,58643.0546875,18.3109123840332,0.0721248462796211,W2
calib_s_220.424656+50.323066,58848.79296875,18.38773310089111,0.0326701551675796,W1
calib_s_220.424656+50.323066,58848.79296875,18.44689775848389,0.0849629119038581,W2
calib_s_220.424656+50.323066,59008.62109375,18.44849550628662,0.0313964374363422,W1
calib_s_220.424656+50.323066,59008.5546875,18.375230087280272,0.0744283944368362,W2
calib_s_220.340142+50.250025,55373.72265625,17.775300621032716,0.0179401487112045,W1
calib_s_220.340142+50.250025,55373.72265625,18.251182807922362,0.0516110956668853,W2
calib_s_220.340142+50.250025,55560.97265625,17.839728950500486,0.021308472380042,W1
calib_s_220.340142+50.250025,55560.97265625,18.14456678771973,0.0547883845865726,W2
calib_s_220.340142+50.250025,56660.109375,17.774098991394045,0.019154816865921,W1
calib_s_220.340142+50.250025,56660.109375,18.139094604492186,0.0613188408315181,W2
calib_s_220.340142+50.250025,56838.31640625,17.836669563293455,0.0196649562567472,W1
calib_s_220.340142+50.250025,56838.31640625,18.141851676940917,0.0572033673524856,W2
calib_s_220.340142+50.250025,57024.29296875,17.800499557495115,0.0204295441508293,W1
calib_s_220.340142+50.250025,57024.29296875,18.293072952270506,0.0697131007909774,W2
calib_s_220.340142+50.250025,57196.17578125,17.843021034240724,0.0177696030586957,W1
calib_s_220.340142+50.250025,57196.17578125,18.221943153381346,0.0571464225649833,W2
calib_s_220.340142+50.250025,57387.64453125,17.794604896545408,0.0189814027398824,W1
calib_s_220.340142+50.250025,57387.64453125,18.126450790405272,0.0558768659830093,W2
calib_s_220.340142+50.250025,57555.01953125,17.82687628173828,0.0168126001954078,W1
calib_s_220.340142+50.250025,57555.01953125,18.385313285827635,0.0643227025866508,W2
calib_s_220.340142+50.250025,57753.32421875,17.830743431091307,0.0202920939773321,W1
calib_s_220.340142+50.250025,57753.32421875,18.163299812316897,0.0593761280179023,W2
calib_s_220.340142+50.250025,57917.01953125,17.798267959594728,0.0184299293905496,W1
calib_s_220.340142+50.250025,57916.953125,18.334809555053713,0.0677935406565666,W2
calib_s_220.340142+50.250025,58120.76171875,17.794606803894045,0.0196397621184587,W1
calib_s_220.340142+50.250025,58120.828125,18.19652296447754,0.0659429430961608,W2
calib_s_220.340142+50.250025,58277.36328125,17.82899248504639,0.0186847485601902,W1
calib_s_220.340142+50.250025,58277.4296875,18.169294609069823,0.0597844310104846,W2
calib_s_220.340142+50.250025,58483.0390625,17.77109300994873,0.0166916605085134,W1
calib_s_220.340142+50.250025,58483.0390625,18.154293312072753,0.0539663843810558,W2
calib_s_220.340142+50.250025,58643.0546875,17.8072649230957,0.0187134221196174,W1
calib_s_220.340142+50.250025,58643.0546875,18.143757118225096,0.0626796260476112,W2
calib_s_220.340142+50.250025,58848.79296875,17.78010809326172,0.0190485995262861,W1
calib_s_220.340142+50.250025,58848.79296875,18.13458563232422,0.0610797517001628,W2
calib_s_220.340142+50.250025,59008.62109375,17.824021934509275,0.019168110564351,W1
calib_s_220.340142+50.250025,59008.5546875,18.219189895629885,0.0688202530145645,W2
calib_s_220.177254+50.457076,55373.72265625,18.920336364746092,0.0505905784666538,W1
calib_s_220.177254+50.457076,55373.72265625,18.21977163696289,0.0494801253080368,W2
calib_s_220.177254+50.457076,55560.97265625,18.8177629699707,0.0543893687427043,W1
calib_s_220.177254+50.457076,55560.97265625,18.27303625488281,0.0655408576130867,W2
calib_s_220.177254+50.457076,56660.109375,18.812273620605467,0.047046985477209,W1
calib_s_220.177254+50.457076,56660.109375,18.313059104919432,0.0690893083810806,W2
calib_s_220.177254+50.457076,56838.31640625,18.82253706359863,0.043827548623085,W1
calib_s_220.177254+50.457076,56838.31640625,18.439411415100096,0.0682452246546745,W2
calib_s_220.177254+50.457076,57024.29296875,18.880287765502928,0.0511745698750019,W1
calib_s_220.177254+50.457076,57024.29296875,18.59183622741699,0.088176354765892,W2
calib_s_220.177254+50.457076,57196.17578125,18.71064436340332,0.0384200550615787,W1
calib_s_220.177254+50.457076,57196.17578125,18.30108953857422,0.0600487850606441,W2
calib_s_220.177254+50.457076,57387.64453125,18.605465530395506,0.0392531044781208,W1
calib_s_220.177254+50.457076,57387.64453125,18.27285124206543,0.0639782845973968,W2
calib_s_220.177254+50.457076,57555.01953125,18.690463661193846,0.0328464955091476,W1
calib_s_220.177254+50.457076,57555.01953125,18.27948500061035,0.052825279533863,W2
calib_s_220.177254+50.457076,57753.32421875,18.72253477478027,0.0407301895320415,W1
calib_s_220.177254+50.457076,57753.32421875,18.215680374145506,0.0592795945703983,W2
calib_s_220.177254+50.457076,57917.01953125,18.816553710937498,0.0454846024513244,W1
calib_s_220.177254+50.457076,57916.953125,18.346036209106444,0.0692759007215499,W2
calib_s_220.177254+50.457076,58120.76171875,18.651170372009275,0.0432129278779029,W1
calib_s_220.177254+50.457076,58120.828125,18.293311370849608,0.0734883844852447,W2
calib_s_220.177254+50.457076,58277.36328125,18.69048368835449,0.0420717783272266,W1
calib_s_220.177254+50.457076,58277.4296875,18.26850916290283,0.0709093511104583,W2
calib_s_220.177254+50.457076,58483.0390625,18.6353956451416,0.03218250349164,W1
calib_s_220.177254+50.457076,58483.0390625,18.080100311279296,0.0473259016871452,W2
calib_s_220.177254+50.457076,58643.0546875,18.720982192993162,0.0402928292751312,W1
calib_s_220.177254+50.457076,58643.0546875,18.19853235626221,0.0625054538249969,W2
calib_s_220.177254+50.457076,58848.79296875,18.630585311889647,0.0406618900597095,W1
calib_s_220.177254+50.457076,58848.79296875,18.125343574523924,0.059692695736885,W2
calib_s_220.177254+50.457076,59008.62109375,18.728775619506834,0.0440151505172252,W1
calib_s_220.177254+50.457076,59008.5546875,18.201545013427733,0.0699445456266403,W2
calib_s_220.319452+50.420008,55373.72265625,17.98082506561279,0.0210874658077955,W1
calib_s_220.319452+50.420008,55373.72265625,18.33239199066162,0.0542741157114505,W2
calib_s_220.319452+50.420008,55560.97265625,17.779198287963865,0.0209357049316167,W1
calib_s_220.319452+50.420008,55560.97265625,18.385681404113768,0.0707230120897293,W2
calib_s_220.319452+50.420008,56660.109375,17.886733650207518,0.0210015270859003,W1
calib_s_220.319452+50.420008,56660.109375,18.34813906097412,0.0716261863708496,W2
calib_s_220.319452+50.420008,56838.31640625,18.023063301086424,0.0219427198171615,W1
calib_s_220.319452+50.420008,56838.31640625,18.337841285705565,0.0639136806130409,W2
calib_s_220.319452+50.420008,57024.29296875,17.79809152984619,0.0201726891100406,W1
calib_s_220.319452+50.420008,57024.29296875,18.335334075927733,0.0729619190096855,W2
calib_s_220.319452+50.420008,57196.17578125,17.750283836364744,0.0163676850497722,W1
calib_s_220.319452+50.420008,57196.17578125,18.23519731903076,0.0546479746699333,W2
calib_s_220.319452+50.420008,57387.64453125,17.76392233276367,0.0187829341739416,W1
calib_s_220.319452+50.420008,57387.64453125,18.410146965026854,0.0731947124004364,W2
calib_s_220.319452+50.420008,57555.01953125,17.91210520172119,0.0176589358597993,W1
calib_s_220.319452+50.420008,57555.01953125,18.5617783203125,0.0709112361073494,W2
calib_s_220.319452+50.420008,57753.32421875,17.891440032958982,0.02050600387156,W1
calib_s_220.319452+50.420008,57753.32421875,18.34642530822754,0.0705673247575759,W2
calib_s_220.319452+50.420008,57917.01953125,17.967561363220216,0.0214992966502904,W1
calib_s_220.319452+50.420008,57916.953125,18.27309538269043,0.0672709122300148,W2
calib_s_220.319452+50.420008,58120.76171875,17.78600466156006,0.0208015833050012,W1
calib_s_220.319452+50.420008,58120.828125,18.42760969543457,0.0848617106676101,W2
calib_s_220.319452+50.420008,58277.36328125,17.77554571533203,0.0181575734168291,W1
calib_s_220.319452+50.420008,58277.4296875,18.24614359283447,0.0660218745470047,W2
calib_s_220.319452+50.420008,58483.0390625,17.976859687805174,0.0191404707729816,W1
calib_s_220.319452+50.420008,58483.0390625,18.427266372680663,0.065711960196495,W2
calib_s_220.319452+50.420008,58643.0546875,18.62078916931152,0.0381680279970169,W1
calib_s_220.319452+50.420008,58643.0546875,18.296357749938963,0.0285733342170715,W1
calib_s_220.319452+50.420008,58643.0546875,18.08912683868408,0.0583246015012264,W2
calib_s_220.319452+50.420008,58848.79296875,17.821747421264647,0.0199620202183723,W1
calib_s_220.319452+50.420008,58848.79296875,18.4793694152832,0.0825356692075729,W2
calib_s_220.319452+50.420008,59008.62109375,17.78467237854004,0.0186185911297798,W1
calib_s_220.319452+50.420008,59008.5546875,18.273298515319823,0.0718987360596656,W2
calib_s_220.431963+50.260808,55373.72265625,18.07212030792236,0.0234281029552221,W1
calib_s_220.431963+50.260808,55373.72265625,18.556940330505373,0.0682102292776107,W2
calib_s_220.431963+50.260808,55560.97265625,18.36241972351074,0.0372626520693302,W1
calib_s_220.431963+50.260808,55560.97265625,18.368808044433592,0.0737237706780433,W2
calib_s_220.431963+50.260808,56660.109375,18.07828771972656,0.0244797766208648,W1
calib_s_220.431963+50.260808,56660.109375,18.4141314163208,0.079727679491043,W2
calib_s_220.431963+50.260808,56838.31640625,18.330398200988768,0.0294579248875379,W1
calib_s_220.431963+50.260808,56838.31640625,18.433161987304686,0.0716430023312568,W2
calib_s_220.431963+50.260808,57024.29296875,18.189341186523436,0.029454892501235,W1
calib_s_220.431963+50.260808,57024.29296875,18.498621238708495,0.082916222512722,W2
calib_s_220.431963+50.260808,57196.17578125,18.122068046569822,0.0230368059128522,W1
calib_s_220.431963+50.260808,57196.17578125,18.359602226257323,0.0643975660204887,W2
calib_s_220.431963+50.260808,57387.64453125,18.050518630981443,0.023323219269514,W1
calib_s_220.431963+50.260808,57387.64453125,18.421060813903807,0.0778340995311737,W2
calib_s_220.431963+50.260808,57555.01953125,18.102902053833006,0.0227863360196352,W1
calib_s_220.431963+50.260808,57555.01953125,18.38536287689209,0.0638060420751571,W2
calib_s_220.431963+50.260808,57753.32421875,18.04848921203613,0.0235459692776203,W1
calib_s_220.431963+50.260808,57753.32421875,18.44343878173828,0.0769087448716163,W2
calib_s_220.431963+50.260808,57917.01953125,18.17068159484863,0.024345776066184,W1
calib_s_220.431963+50.260808,57916.953125,18.42802359008789,0.0711472555994987,W2
calib_s_220.431963+50.260808,58120.76171875,18.158869384765623,0.0292229037731885,W1
calib_s_220.431963+50.260808,58120.828125,18.254748596191405,0.0724075511097908,W2
calib_s_220.431963+50.260808,58277.36328125,18.168565391540525,0.0268159452825784,W1
calib_s_220.431963+50.260808,58277.4296875,18.518669380187987,0.0865671262145042,W2
calib_s_220.431963+50.260808,58483.0390625,18.24039232635498,0.025151789188385,W1
calib_s_220.431963+50.260808,58483.0390625,18.457659019470217,0.0731133073568344,W2
calib_s_220.431963+50.260808,58643.0546875,18.25392305755615,0.0265617351979017,W1
calib_s_220.431963+50.260808,58643.0546875,18.368316902160643,0.070600725710392,W2
calib_s_220.431963+50.260808,58848.79296875,18.075152992248533,0.0262288767844438,W1
calib_s_220.431963+50.260808,58848.79296875,18.278352989196776,0.0720538645982742,W2
calib_s_220.431963+50.260808,59008.62109375,18.137843727111814,0.0253374502062797,W1
calib_s_220.431963+50.260808,59008.5546875,18.355940116882323,0.0785588696599006,W2
calib_s_220.547421+50.457975,55373.72265625,17.868405937194822,0.0197114720940589,W1
calib_s_220.547421+50.457975,55373.72265625,18.46552587890625,0.0624398812651634,W2
calib_s_220.547421+50.457975,55560.97265625,17.86498606109619,0.0242234542965888,W1
calib_s_220.547421+50.457975,55560.97265625,18.309059394836424,0.0677206367254257,W2
calib_s_220.547421+50.457975,56660.109375,17.906523345947264,0.0225385911762714,W1
calib_s_220.547421+50.457975,56660.109375,18.203720344543456,0.0667139589786529,W2
calib_s_220.547421+50.457975,56838.31640625,17.897347091674803,0.0210842248052358,W1
calib_s_220.547421+50.457975,56838.31640625,18.28581262969971,0.0681375786662101,W2
calib_s_220.547421+50.457975,57024.29296875,17.877390502929686,0.0212398190051317,W1
calib_s_220.547421+50.457975,57024.29296875,18.41640306854248,0.0763166919350624,W2
calib_s_220.547421+50.457975,57196.17578125,17.884006141662596,0.018984081223607,W1
calib_s_220.547421+50.457975,57196.17578125,18.323158515930174,0.0629874616861343,W2
calib_s_220.547421+50.457975,57387.64453125,17.909594177246092,0.0216944068670272,W1
calib_s_220.547421+50.457975,57387.64453125,18.28142000579834,0.0681363344192504,W2
calib_s_220.547421+50.457975,57555.01953125,17.899504302978514,0.0193927120417356,W1
calib_s_220.547421+50.457975,57555.01953125,18.33289362335205,0.0657010674476623,W2
calib_s_220.547421+50.457975,57753.32421875,17.89932501220703,0.0205384008586406,W1
calib_s_220.547421+50.457975,57753.32421875,18.287460578918456,0.0693089589476585,W2
calib_s_220.547421+50.457975,57917.01953125,17.865144371032716,0.0190331060439348,W1
calib_s_220.547421+50.457975,57916.953125,18.198946250915526,0.0581277646124362,W2
calib_s_220.547421+50.457975,58120.76171875,17.86726629638672,0.0217340514063835,W1
calib_s_220.547421+50.457975,58120.828125,18.379060997009276,0.0781791061162948,W2
calib_s_220.547421+50.457975,58277.36328125,17.87703382873535,0.0193687584251165,W1
calib_s_220.547421+50.457975,58277.4296875,18.138137115478514,0.0590255744755268,W2
calib_s_220.547421+50.457975,58483.0390625,17.83930647277832,0.0171333961188793,W1
calib_s_220.547421+50.457975,58483.0390625,18.41255880737305,0.0668548941612243,W2
calib_s_220.547421+50.457975,58643.0546875,17.88386785888672,0.0186545792967081,W1
calib_s_220.547421+50.457975,58643.0546875,18.44004465484619,0.074721373617649,W2
calib_s_220.547421+50.457975,58848.79296875,17.92742502593994,0.021461647003889,W1
calib_s_220.547421+50.457975,58848.79296875,18.321691764831545,0.0718198865652084,W2
calib_s_220.547421+50.457975,59008.62109375,17.90513098144531,0.0196979045867919,W1
calib_s_220.547421+50.457975,59008.5546875,18.289642585754397,0.0708553045988082,W2
calib_s_220.42196+50.361273,55373.72265625,17.942940353393556,0.0202320534735918,W1
calib_s_220.42196+50.361273,55373.72265625,18.37199617767334,0.0545357018709182,W2
calib_s_220.42196+50.361273,55560.97265625,17.980564712524412,0.0255528762936592,W1
calib_s_220.42196+50.361273,55560.97265625,18.514620079040526,0.0819886326789856,W2
calib_s_220.42196+50.361273,56660.109375,17.962150215148924,0.0233507696539163,W1
calib_s_220.42196+50.361273,56660.109375,18.32810331726074,0.0730318054556846,W2
calib_s_220.42196+50.361273,56838.31640625,18.008144020080564,0.0212886836379766,W1
calib_s_220.42196+50.361273,56838.31640625,18.40580965423584,0.0674325227737426,W2
calib_s_220.42196+50.361273,57024.29296875,17.963692306518556,0.0228810831904411,W1
calib_s_220.42196+50.361273,57024.29296875,18.73387648010254,0.1023927107453346,W2
calib_s_220.42196+50.361273,57196.17578125,17.93909132385254,0.0197249688208103,W1
calib_s_220.42196+50.361273,57196.17578125,18.402504219055174,0.063569463789463,W2
calib_s_220.42196+50.361273,57387.64453125,17.938833831787107,0.0223880242556333,W1
calib_s_220.42196+50.361273,57387.64453125,18.450645698547362,0.0793145596981048,W2
calib_s_220.42196+50.361273,57555.01953125,17.91045725250244,0.0179541893303394,W1
calib_s_220.42196+50.361273,57555.01953125,18.378644241333006,0.0627832263708114,W2
calib_s_220.42196+50.361273,57753.32421875,17.94425165557861,0.0226228442043066,W1
calib_s_220.42196+50.361273,57753.32421875,18.40608812713623,0.0778915733098983,W2
calib_s_220.42196+50.361273,57917.01953125,17.958095191955564,0.0208802111446857,W1
calib_s_220.42196+50.361273,57916.953125,18.519968284606932,0.0798341035842895,W2
calib_s_220.42196+50.361273,58120.76171875,17.94614183807373,0.0238122213631868,W1
calib_s_220.42196+50.361273,58120.828125,18.538488639831545,0.0954312235116958,W2
calib_s_220.42196+50.361273,58277.36328125,17.948935150146482,0.0216163825243711,W1
calib_s_220.42196+50.361273,58277.4296875,18.44653059387207,0.0812813937664032,W2
calib_s_220.42196+50.361273,58483.0390625,17.929641365051268,0.0187241993844509,W1
calib_s_220.42196+50.361273,58483.0390625,18.426190628051756,0.0682464689016342,W2
calib_s_220.42196+50.361273,58643.0546875,17.977220176696775,0.02147201821208,W1
calib_s_220.42196+50.361273,58643.0546875,18.45210291290283,0.0795311853289604,W2
calib_s_220.42196+50.361273,58848.79296875,17.921547531127928,0.0213508140295743,W1
calib_s_220.42196+50.361273,58848.79296875,18.32844091796875,0.0723724216222763,W2
calib_s_220.42196+50.361273,59008.62109375,17.982193588256834,0.0212697759270668,W1
calib_s_220.42196+50.361273,59008.5546875,18.435254348754885,0.0809435844421386,W2
calib_s_220.15249+50.283964,55373.72265625,18.02085649871826,0.0219524465501308,W1
calib_s_220.15249+50.283964,55373.72265625,18.42349649810791,0.058222722262144,W2
calib_s_220.15249+50.283964,55560.97265625,17.901514648437498,0.0222310367971658,W1
calib_s_220.15249+50.283964,55560.97265625,18.331666244506835,0.0635315775871276,W2
calib_s_220.15249+50.283964,56660.109375,17.728144287109377,0.0178153552114963,W1
calib_s_220.15249+50.283964,56660.109375,18.422569526672362,0.0757673904299736,W2
calib_s_220.15249+50.283964,56838.31640625,17.736494659423826,0.0178329907357692,W1
calib_s_220.15249+50.283964,56838.31640625,18.418977989196776,0.0723372772336006,W2
calib_s_220.15249+50.283964,57024.29296875,17.77193605804443,0.0195188466459512,W1
calib_s_220.15249+50.283964,57024.29296875,18.53693701171875,0.0852745547890663,W2
calib_s_220.15249+50.283964,57196.17578125,17.804478286743162,0.0180116314440965,W1
calib_s_220.15249+50.283964,57196.17578125,18.537213577270506,0.0803433060646057,W2
calib_s_220.15249+50.283964,57387.64453125,17.90179407501221,0.020648380741477,W1
calib_s_220.15249+50.283964,57387.64453125,18.40236212158203,0.0723160877823829,W2
calib_s_220.15249+50.283964,57555.01953125,17.891675590515135,0.0190086867660284,W1
calib_s_220.15249+50.283964,57555.01953125,18.32929541015625,0.0622112303972244,W2
calib_s_220.15249+50.283964,57753.32421875,17.853977798461912,0.0195701159536838,W1
calib_s_220.15249+50.283964,57753.32421875,18.338434471130373,0.0687191113829612,W2
calib_s_220.15249+50.283964,57917.01953125,17.850204109191896,0.0188126321882009,W1
calib_s_220.15249+50.283964,57916.953125,18.31350351715088,0.0647740811109542,W2
calib_s_220.15249+50.283964,58120.76171875,17.747476219177244,0.0196767766028642,W1
calib_s_220.15249+50.283964,58120.828125,18.459113372802733,0.0843597650527954,W2
calib_s_220.15249+50.283964,58277.36328125,17.917550682067873,0.022289827466011,W1
calib_s_220.15249+50.283964,58277.4296875,18.483423484802245,0.0863098874688148,W2
calib_s_220.15249+50.283964,58483.0390625,17.771860717773436,0.0157572850584983,W1
calib_s_220.15249+50.283964,58483.0390625,18.398582710266112,0.0634783506393432,W2
calib_s_220.15249+50.283964,58643.0546875,17.895820259094236,0.0196982398629188,W1
calib_s_220.15249+50.283964,58643.0546875,18.38957907104492,0.0769627392292022,W2
calib_s_220.15249+50.283964,58848.79296875,17.77783834838867,0.0198871549218893,W1
calib_s_220.15249+50.283964,58848.79296875,18.334954513549803,0.0752784237265586,W2
calib_s_220.15249+50.283964,59008.62109375,17.796198486328123,0.0186964459717273,W1
calib_s_220.15249+50.283964,59008.5546875,18.336218132019045,0.0748882517218589,W2
calib_s_220.425326+50.394982,55373.72265625,17.534856437683104,0.0146339852362871,W1
calib_s_220.425326+50.394982,55373.72265625,18.27974535369873,0.0522479675710201,W2
calib_s_220.425326+50.394982,55560.97265625,17.587335227966307,0.0180713646113872,W1
calib_s_220.425326+50.394982,55560.97265625,18.368603004455565,0.0688176676630973,W2
calib_s_220.425326+50.394982,56660.109375,17.56277143859863,0.0158897452056407,W1
calib_s_220.425326+50.394982,56660.109375,18.322500480651854,0.0699863880872726,W2
calib_s_220.425326+50.394982,56838.31640625,17.579745887756346,0.0155415320768952,W1
calib_s_220.425326+50.394982,56838.31640625,18.23643995666504,0.0631839632987976,W2
calib_s_220.425326+50.394982,57024.29296875,17.545439361572264,0.016567625105381,W1
calib_s_220.425326+50.394982,57024.29296875,18.39787317657471,0.0785163789987564,W2
calib_s_220.425326+50.394982,57196.17578125,17.54857790374756,0.0137001080438494,W1
calib_s_220.425326+50.394982,57196.17578125,18.171724571228026,0.0525110177695751,W2
calib_s_220.425326+50.394982,57387.64453125,17.54623949432373,0.0155552979558706,W1
calib_s_220.425326+50.394982,57387.64453125,18.26878286743164,0.0644010379910469,W2
calib_s_220.425326+50.394982,57555.01953125,17.557859062194822,0.0142685109749436,W1
calib_s_220.425326+50.394982,57555.01953125,18.39703298950195,0.0692448243498802,W2
calib_s_220.425326+50.394982,57753.32421875,17.55625688934326,0.0155337899923324,W1
calib_s_220.425326+50.394982,57753.32421875,18.291927589416503,0.0677445232868194,W2
calib_s_220.425326+50.394982,57917.01953125,17.59478342437744,0.0148888295516371,W1
calib_s_220.425326+50.394982,57916.953125,18.2751457824707,0.0638840645551681,W2
calib_s_220.425326+50.394982,58120.76171875,17.54733812713623,0.0164076369255781,W1
calib_s_220.425326+50.394982,58120.828125,18.465338005065917,0.0880438983440399,W2
calib_s_220.425326+50.394982,58277.36328125,17.558584808349607,0.0149512337520718,W1
calib_s_220.425326+50.394982,58277.4296875,18.24491239929199,0.06427563726902,W2
calib_s_220.425326+50.394982,58483.0390625,17.5164409866333,0.0130566218867897,W1
calib_s_220.425326+50.394982,58483.0390625,18.35264231109619,0.0625525638461113,W2
calib_s_220.425326+50.394982,58643.0546875,17.554159759521482,0.0148619711399078,W1
calib_s_220.425326+50.394982,58643.0546875,18.492066635131835,0.0854635685682296,W2
calib_s_220.425326+50.394982,58848.79296875,17.524313568115232,0.015772245824337,W1
calib_s_220.425326+50.394982,58848.79296875,18.46645666503906,0.0841137543320655,W2
calib_s_220.425326+50.394982,59008.62109375,17.51076948547363,0.0145675791427493,W1
calib_s_220.425326+50.394982,59008.5546875,18.289246810913085,0.0735903903841972,W2
calib_s_220.370541+50.377684,55373.72265625,18.70100843811035,0.0402678325772285,W1
calib_s_220.370541+50.377684,55373.72265625,18.577711357116698,0.0678873658180236,W2
calib_s_220.370541+50.377684,55560.97265625,18.626680015563963,0.0464099906384944,W1
calib_s_220.370541+50.377684,55560.97265625,18.30631948852539,0.066772311925888,W2
calib_s_220.370541+50.377684,56660.109375,18.513669609069822,0.0364920310676097,W1
calib_s_220.370541+50.377684,56838.31640625,18.154195083618163,0.0530493631958961,W2
calib_s_220.370541+50.377684,57024.29296875,18.6524273147583,0.0436929538846015,W1
calib_s_220.370541+50.377684,57024.29296875,18.200806869506835,0.0668413713574409,W2
calib_s_220.370541+50.377684,57196.17578125,18.21955549621582,0.0244744308292865,W1
calib_s_220.370541+50.377684,57196.17578125,18.177650703430174,0.0534289479255676,W2
calib_s_220.370541+50.377684,57387.64453125,18.618745445251463,0.0381271392107009,W1
calib_s_220.370541+50.377684,57753.32421875,18.56317484283447,0.0381600186228752,W1
calib_s_220.370541+50.377684,57753.32421875,18.021302474975585,0.0538823306560516,W2
calib_s_220.370541+50.377684,57917.01953125,18.702845214843748,0.0401806682348251,W1
calib_s_220.370541+50.377684,57916.953125,18.223810447692873,0.0625747516751289,W2
calib_s_220.370541+50.377684,58120.76171875,18.57649671936035,0.0414922796189785,W1
calib_s_220.370541+50.377684,58120.828125,18.145720733642577,0.0647210404276847,W2
calib_s_220.370541+50.377684,58277.4296875,18.10005499267578,0.0589765086770057,W2
calib_s_220.370541+50.377684,58483.0390625,18.536569236755373,0.0306610949337482,W1
calib_s_220.370541+50.377684,58483.0390625,18.131056083679198,0.0499860607087612,W2
calib_s_220.370541+50.377684,58643.0546875,18.517081855773924,0.0337379053235054,W1
calib_s_220.370541+50.377684,58643.0546875,18.19252611541748,0.062221847474575,W2
calib_s_220.370541+50.377684,58848.79296875,18.54086840057373,0.0369332171976566,W1
calib_s_220.370541+50.377684,58848.79296875,18.271978630065917,0.068355955183506,W2
calib_s_220.370541+50.377684,59008.62109375,18.560683845520018,0.0356509834527969,W1
calib_s_220.370541+50.377684,59008.5546875,18.124463333129885,0.0604225657880306,W2
calib_s_220.077955+50.387234,55373.72265625,17.911413787841795,0.0204163864254951,W1
calib_s_220.077955+50.387234,55373.72265625,18.28694464111328,0.0536572188138961,W2
calib_s_220.077955+50.387234,55560.97265625,17.959210037231443,0.0255475733429193,W1
calib_s_220.077955+50.387234,55560.97265625,18.192022575378417,0.0609637089073658,W2
calib_s_220.077955+50.387234,56660.109375,17.842150329589842,0.0206996873021125,W1
calib_s_220.077955+50.387234,56660.109375,18.408644927978514,0.0786492228507995,W2
calib_s_220.077955+50.387234,56838.31640625,17.99988996887207,0.0222881659865379,W1
calib_s_220.077955+50.387234,56838.31640625,18.250789894104003,0.0622287355363369,W2
calib_s_220.077955+50.387234,57024.29296875,18.031085609436033,0.0252513010054826,W1
calib_s_220.077955+50.387234,57024.29296875,18.38026453399658,0.0732843428850174,W2
calib_s_220.077955+50.387234,57196.17578125,17.852187751770018,0.0178998466581106,W1
calib_s_220.077955+50.387234,57196.17578125,18.415132774353026,0.0640883222222328,W2
calib_s_220.077955+50.387234,57387.64453125,17.952355026245115,0.0217197109013795,W1
calib_s_220.077955+50.387234,57387.64453125,18.188225044250487,0.0602707527577877,W2
calib_s_220.077955+50.387234,57555.01953125,17.978947280883787,0.0189783815294504,W1
calib_s_220.077955+50.387234,57555.01953125,18.203790916442873,0.0519522875547409,W2
calib_s_220.077955+50.387234,57753.32421875,17.99336683654785,0.0223700031638145,W1
calib_s_220.077955+50.387234,57753.32421875,18.271344436645506,0.0656518340110778,W2
calib_s_220.077955+50.387234,57917.01953125,17.992415069580076,0.0213221069425344,W1
calib_s_220.077955+50.387234,57916.953125,18.472242607116698,0.0750597268342971,W2
calib_s_220.077955+50.387234,58120.76171875,17.967691062927244,0.0230820458382368,W1
calib_s_220.077955+50.387234,58120.828125,18.30643106842041,0.0725932046771049,W2
calib_s_220.077955+50.387234,58277.36328125,17.91662180328369,0.0205841101706028,W1
calib_s_220.077955+50.387234,58277.4296875,18.189659370422362,0.0613030232489109,W2
calib_s_220.077955+50.387234,58483.0390625,18.325449584960936,0.0246262978762388,W1
calib_s_220.077955+50.387234,58483.0390625,18.258707298278807,0.0531147196888923,W2
calib_s_220.077955+50.387234,58643.0546875,18.239163993835447,0.0258891489356756,W1
calib_s_220.077955+50.387234,58643.0546875,18.270633949279784,0.0657245740294456,W2
calib_s_220.077955+50.387234,58848.79296875,17.919526695251463,0.0221351776272058,W1
calib_s_220.077955+50.387234,58848.79296875,18.254828704833983,0.0722083300352096,W2
calib_s_220.077955+50.387234,59008.62109375,17.971400856018064,0.0213135033845901,W1
calib_s_220.077955+50.387234,59008.5546875,18.3276417388916,0.0776885449886322,W2
calib_s_220.152658+50.52204,55373.72265625,17.82550394439697,0.0179684702306985,W1
calib_s_220.152658+50.52204,55373.72265625,18.39789892578125,0.0561907142400741,W2
calib_s_220.152658+50.52204,55560.97265625,17.90274011993408,0.0213454645127058,W1
calib_s_220.152658+50.52204,55560.97265625,18.3840439453125,0.0634097456932067,W2
calib_s_220.152658+50.52204,56660.109375,17.820352195739744,0.019410390406847,W1
calib_s_220.152658+50.52204,56660.109375,18.57768274688721,0.0881767198443412,W2
calib_s_220.152658+50.52204,56838.31640625,17.82219755554199,0.0192226469516754,W1
calib_s_220.152658+50.52204,56838.31640625,18.329822792053225,0.0653018504381179,W2
calib_s_220.152658+50.52204,57024.29296875,17.843502639770506,0.0206158012151718,W1
calib_s_220.152658+50.52204,57024.29296875,18.562505973815917,0.0876790434122085,W2
calib_s_220.152658+50.52204,57196.17578125,17.826408027648924,0.0167530253529548,W1
calib_s_220.152658+50.52204,57196.17578125,18.523306144714354,0.0692422091960907,W2
calib_s_220.152658+50.52204,57387.64453125,17.81571447753906,0.0200481582432985,W1
calib_s_220.152658+50.52204,57387.64453125,18.325830711364745,0.069771908223629,W2
calib_s_220.152658+50.52204,57555.01953125,17.85254347229004,0.016015326604247,W1
calib_s_220.152658+50.52204,57555.01953125,18.392573608398436,0.0590915717184543,W2
calib_s_220.152658+50.52204,57753.32421875,17.812873481750486,0.0192518532276153,W1
calib_s_220.152658+50.52204,57753.32421875,18.361172927856444,0.0717270150780677,W2
calib_s_220.152658+50.52204,57917.01953125,17.860721229553224,0.0189949572086334,W1
calib_s_220.152658+50.52204,57916.953125,18.53936697387695,0.0820470228791236,W2
calib_s_220.152658+50.52204,58120.76171875,17.81486570739746,0.0198479574173688,W1
calib_s_220.152658+50.52204,58120.828125,18.441389335632323,0.0827772319316864,W2
calib_s_220.152658+50.52204,58277.36328125,17.851752876281736,0.0194198489189147,W1
calib_s_220.152658+50.52204,58277.4296875,18.20758367919922,0.0635631456971168,W2
calib_s_220.152658+50.52204,58483.0390625,17.851886390686033,0.0162818133831024,W1
calib_s_220.152658+50.52204,58483.0390625,18.432421936035155,0.0623203366994857,W2
calib_s_220.152658+50.52204,58643.0546875,17.83332693481445,0.0186328496783971,W1
calib_s_220.152658+50.52204,58643.0546875,18.478737129211424,0.0830014124512672,W2
calib_s_220.152658+50.52204,58848.79296875,17.88010179901123,0.0209294036030769,W1
calib_s_220.152658+50.52204,58848.79296875,18.595543159484862,0.0927258506417274,W2
calib_s_220.152658+50.52204,59008.62109375,17.857936500549314,0.0199572406709194,W1
calib_s_220.152658+50.52204,59008.5546875,18.284878982543944,0.0739128440618515,W2
calib_s_220.274873+50.247777,55373.72265625,19.308352111816404,0.0680152475833892,W1
calib_s_220.274873+50.247777,55373.72265625,18.200893653869628,0.0473455898463726,W2
calib_s_220.274873+50.247777,55560.97265625,19.376808761596678,0.0817278400063514,W1
calib_s_220.274873+50.247777,55560.97265625,18.21376634979248,0.0543425194919109,W2
calib_s_220.274873+50.247777,56660.109375,19.280621170043943,0.0768129453063011,W1
calib_s_220.274873+50.247777,56660.109375,18.10890222930908,0.0581048130989074,W2
calib_s_220.274873+50.247777,56838.31640625,19.32569563293457,0.0744847729802131,W1
calib_s_220.274873+50.247777,56838.31640625,18.22058893585205,0.0626248270273208,W2
calib_s_220.274873+50.247777,57024.29296875,19.430220245361326,0.0860363095998764,W1
calib_s_220.274873+50.247777,57024.29296875,18.224049819946288,0.0644515231251716,W2
calib_s_220.274873+50.247777,57196.17578125,19.276064514160154,0.0641115009784698,W1
calib_s_220.274873+50.247777,57196.17578125,18.016981376647948,0.0466790646314621,W2
calib_s_220.274873+50.247777,57387.64453125,19.208675979614256,0.0704343691468238,W1
calib_s_220.274873+50.247777,57387.64453125,18.272687210083006,0.0689293220639228,W2
calib_s_220.274873+50.247777,57555.01953125,19.3360735168457,0.0666804239153862,W1
calib_s_220.274873+50.247777,57555.01953125,18.166109336853026,0.0550066195428371,W2
calib_s_220.274873+50.247777,57753.32421875,19.230585693359373,0.0709653124213218,W1
calib_s_220.274873+50.247777,57753.32421875,18.137604011535643,0.0619994848966598,W2
calib_s_220.274873+50.247777,57917.01953125,19.275929092407225,0.0643522590398788,W1
calib_s_220.274873+50.247777,57916.953125,18.12554670715332,0.0514228343963623,W2
calib_s_220.274873+50.247777,58120.76171875,19.189413665771482,0.0718635395169258,W1
calib_s_220.274873+50.247777,58120.828125,18.207741035461424,0.0704769715666771,W2
calib_s_220.274873+50.247777,58277.36328125,19.255734085083006,0.0718106180429458,W1
calib_s_220.274873+50.247777,58277.4296875,18.28324533843994,0.0713581517338752,W2
calib_s_220.274873+50.247777,58483.0390625,19.27949964904785,0.0608363822102546,W1
calib_s_220.274873+50.247777,58483.0390625,18.149848236083983,0.0522766485810279,W2
calib_s_220.274873+50.247777,58643.0546875,19.30571806335449,0.0700588971376419,W1
calib_s_220.274873+50.247777,58643.0546875,18.227702392578124,0.0662160813808441,W2
calib_s_220.274873+50.247777,58848.79296875,19.214258789062498,0.0690325573086738,W1
calib_s_220.274873+50.247777,58848.79296875,18.17785860443115,0.0656402334570884,W2
calib_s_220.274873+50.247777,59008.62109375,19.377323745727537,0.0767243579030036,W1
calib_s_220.274873+50.247777,59008.5546875,18.178608192443846,0.0655821189284324,W2
calib_s_220.663347+50.314112,55203.33984375,18.052299140930174,0.1014249771833419,W1
calib_s_220.663347+50.314112,55203.33984375,17.83929945373535,0.1620808839797973,W2
calib_s_220.663347+50.314112,55373.72265625,18.044882415771482,0.0232567097991704,W1
calib_s_220.663347+50.314112,55373.72265625,18.28658224487305,0.0521410629153251,W2
calib_s_220.663347+50.314112,55560.97265625,18.102828620910643,0.0278160702437162,W1
calib_s_220.663347+50.314112,55560.97265625,18.374127639770506,0.0675996243953704,W2
calib_s_220.663347+50.314112,56660.109375,18.028622268676756,0.0246715322136878,W1
calib_s_220.663347+50.314112,56660.109375,18.19590689086914,0.0636423155665397,W2
calib_s_220.663347+50.314112,56838.31640625,18.007936119079588,0.0229128189384937,W1
calib_s_220.663347+50.314112,56838.31640625,18.34540106201172,0.0673311874270439,W2
calib_s_220.663347+50.314112,57024.29296875,18.00082933807373,0.0236860141158103,W1
calib_s_220.663347+50.314112,57024.29296875,18.402982009887694,0.0780301764607429,W2
calib_s_220.663347+50.314112,57196.17578125,18.12854444885254,0.0220329910516738,W1
calib_s_220.663347+50.314112,57196.17578125,18.26649214172363,0.0556132830679416,W2
calib_s_220.663347+50.314112,57387.64453125,18.022932647705076,0.0224089100956916,W1
calib_s_220.663347+50.314112,57387.64453125,18.275054229736327,0.0646946504712104,W2
calib_s_220.663347+50.314112,57555.01953125,18.31426584625244,0.0291208680719137,W1
calib_s_220.663347+50.314112,57555.01953125,18.407807601928713,0.073477067053318,W2
calib_s_220.663347+50.314112,57753.32421875,17.947167037963865,0.0222420431673526,W1
calib_s_220.663347+50.314112,57753.32421875,18.242547286987303,0.0637858435511589,W2
calib_s_220.663347+50.314112,57917.01953125,18.068621276855467,0.0221454612910747,W1
calib_s_220.663347+50.314112,57916.953125,18.375258697509764,0.0670450404286384,W2
calib_s_220.663347+50.314112,58120.76171875,18.01149141693115,0.0233597084879875,W1
calib_s_220.663347+50.314112,58120.828125,18.475873245239256,0.08619025349617,W2
calib_s_220.663347+50.314112,58277.36328125,18.04455149078369,0.0232921727001667,W1
calib_s_220.663347+50.314112,58277.4296875,18.370178474426268,0.0726079270243644,W2
calib_s_220.663347+50.314112,58483.0390625,18.35399973297119,0.0290278047323226,W1
calib_s_220.663347+50.314112,58483.0390625,18.23309828186035,0.0629804506897926,W2
calib_s_220.663347+50.314112,58643.0546875,18.025443672180174,0.0213569644838571,W1
calib_s_220.663347+50.314112,58643.0546875,18.366224540710448,0.0728740394115448,W2
calib_s_220.663347+50.314112,58848.79296875,18.035465835571287,0.025686115026474,W1
calib_s_220.663347+50.314112,58848.79296875,18.253557456970217,0.072080448269844,W2
calib_s_220.663347+50.314112,59008.62109375,18.102944015502928,0.0232124384492635,W1
calib_s_220.663347+50.314112,59008.5546875,18.220787300109862,0.0643721297383308,W2
calib_s_220.185558+50.292594,55373.72265625,17.536084770202635,0.0142860505729913,W1
calib_s_220.185558+50.292594,55373.72265625,18.322993530273436,0.0544344298541545,W2
calib_s_220.185558+50.292594,55560.97265625,17.541958450317384,0.015750203281641,W1
calib_s_220.185558+50.292594,55560.97265625,18.35784841918945,0.0643951892852783,W2
calib_s_220.185558+50.292594,56660.109375,17.538073181152342,0.015681467950344,W1
calib_s_220.185558+50.292594,56660.109375,18.340308441162108,0.0695570334792137,W2
calib_s_220.185558+50.292594,56838.31640625,17.529991744995115,0.0152816716581583,W1
calib_s_220.185558+50.292594,56838.31640625,18.35895086669922,0.0699606910347938,W2
calib_s_220.185558+50.292594,57024.29296875,17.597763656616213,0.0168481767177581,W1
calib_s_220.185558+50.292594,57024.29296875,18.41444136047363,0.0757947564125061,W2
calib_s_220.185558+50.292594,57196.17578125,17.55250227355957,0.0139774307608604,W1
calib_s_220.185558+50.292594,57196.17578125,18.27938391113281,0.0598037131130695,W2
calib_s_220.185558+50.292594,57387.64453125,17.518604873657228,0.0150600569322705,W1
calib_s_220.185558+50.292594,57387.64453125,18.193958534240725,0.0587040781974792,W2
calib_s_220.185558+50.292594,57555.01953125,17.57266771697998,0.0138776134699583,W1
calib_s_220.185558+50.292594,57555.01953125,18.307010902404784,0.0604494474828243,W2
calib_s_220.185558+50.292594,57753.32421875,17.513371109008787,0.0150343459099531,W1
calib_s_220.185558+50.292594,57753.32421875,18.302409423828124,0.0701104328036308,W2
calib_s_220.185558+50.292594,57917.01953125,17.538335441589354,0.0137308966368436,W1
calib_s_220.185558+50.292594,57916.953125,18.252769721984862,0.0596892312169075,W2
calib_s_220.185558+50.292594,58120.76171875,17.535551666259764,0.0165800787508487,W1
calib_s_220.185558+50.292594,58120.828125,18.219422592163085,0.0693926438689231,W2
calib_s_220.185558+50.292594,58277.36328125,17.511523841857908,0.0151485297828912,W1
calib_s_220.185558+50.292594,58277.4296875,18.294898284912108,0.0712355524301529,W2
calib_s_220.185558+50.292594,58483.0390625,17.51838934326172,0.0127412164583802,W1
calib_s_220.185558+50.292594,58483.0390625,18.34022261047363,0.0609376728534698,W2
calib_s_220.185558+50.292594,58643.0546875,17.571076988220216,0.0156128881499171,W1
calib_s_220.185558+50.292594,58643.0546875,18.39792276763916,0.0789783895015716,W2
calib_s_220.185558+50.292594,58848.79296875,17.53334200286865,0.0153762884438037,W1
calib_s_220.185558+50.292594,58848.79296875,18.289634956359862,0.0735851153731346,W2
calib_s_220.185558+50.292594,59008.62109375,17.578886627197264,0.0152252130210399,W1
calib_s_220.185558+50.292594,59008.5546875,18.4360983505249,0.0818177759647369,W2
calib_s_220.448094+50.515198,55373.72265625,17.64518797302246,0.0155748296529054,W1
calib_s_220.448094+50.515198,55373.72265625,18.32010294342041,0.052977081388235,W2
calib_s_220.448094+50.515198,55560.97265625,17.66450369262695,0.0198907442390918,W1
calib_s_220.448094+50.515198,55560.97265625,18.380668891906737,0.0712340697646141,W2
calib_s_220.448094+50.515198,56660.109375,17.6038957824707,0.0159343481063842,W1
calib_s_220.448094+50.515198,56660.109375,18.109466804504397,0.0561839491128921,W2
calib_s_220.448094+50.515198,56838.31640625,17.659904121398924,0.0166022796183824,W1
calib_s_220.448094+50.515198,56838.31640625,18.38563276672363,0.0703862011432647,W2
calib_s_220.448094+50.515198,57024.29296875,17.63443243408203,0.017112623900175,W1
calib_s_220.448094+50.515198,57024.29296875,18.465959800720217,0.0785295814275741,W2
calib_s_220.448094+50.515198,57196.17578125,17.615652679443357,0.0151221705600619,W1
calib_s_220.448094+50.515198,57196.17578125,18.304795516967772,0.0633556693792343,W2
calib_s_220.448094+50.515198,57387.64453125,17.62305605316162,0.0162180196493864,W1
calib_s_220.448094+50.515198,57387.64453125,18.377932800292967,0.0712363049387931,W2
calib_s_220.448094+50.515198,57555.01953125,17.632405876159666,0.014582653529942,W1
calib_s_220.448094+50.515198,57555.01953125,18.250369323730467,0.0574067719280719,W2
calib_s_220.448094+50.515198,57753.32421875,17.615833877563475,0.0157945454120636,W1
calib_s_220.448094+50.515198,57753.32421875,18.207313789367674,0.0596729218959808,W2
calib_s_220.448094+50.515198,57917.01953125,17.639292358398436,0.0154356621205806,W1
calib_s_220.448094+50.515198,57916.953125,18.351813568115233,0.0655503273010253,W2
calib_s_220.448094+50.515198,58120.76171875,17.59499323272705,0.0171193145215511,W1
calib_s_220.448094+50.515198,58120.828125,18.30068518066406,0.0755234584212303,W2
calib_s_220.448094+50.515198,58277.36328125,17.605507492065428,0.0152944084256887,W1
calib_s_220.448094+50.515198,58277.4296875,18.381056083679198,0.0755020231008529,W2
calib_s_220.448094+50.515198,58483.0390625,17.59335577392578,0.0136735327541828,W1
calib_s_220.448094+50.515198,58483.0390625,18.36031652832031,0.0628090426325798,W2
calib_s_220.448094+50.515198,58643.0546875,17.63726770782471,0.0149240838363766,W1
calib_s_220.448094+50.515198,58643.0546875,18.292433990478514,0.0669346377253532,W2
calib_s_220.448094+50.515198,58848.79296875,17.605744003295897,0.0161744598299264,W1
calib_s_220.448094+50.515198,58848.79296875,18.355346931457518,0.0729098543524742,W2
calib_s_220.448094+50.515198,59008.62109375,17.5903516998291,0.0153267746791243,W1
calib_s_220.448094+50.515198,59008.5546875,18.37063719177246,0.0779296532273292,W2
calib_s_220.31247+50.450456,55373.72265625,18.158327697753904,0.0259751975536346,W1
calib_s_220.31247+50.450456,55373.72265625,18.30528952026367,0.0544998385012149,W2
calib_s_220.31247+50.450456,55560.97265625,18.037154792785643,0.0266601983457803,W1
calib_s_220.31247+50.450456,55560.97265625,18.301066650390624,0.0635150894522667,W2
calib_s_220.31247+50.450456,56660.109375,18.3549362411499,0.0308748707175254,W1
calib_s_220.31247+50.450456,56660.109375,18.30406690979004,0.0680584087967872,W2
calib_s_220.31247+50.450456,56838.31640625,18.404091133117674,0.0727548599243164,W2
calib_s_220.31247+50.450456,57024.29296875,18.298310531616213,0.0661202743649482,W2
calib_s_220.31247+50.450456,57196.17578125,18.14931452178955,0.022969027981162,W1
calib_s_220.31247+50.450456,57387.64453125,18.248427986145018,0.0309459827840328,W1
calib_s_220.31247+50.450456,57387.64453125,18.231708778381346,0.0645770356059074,W2
calib_s_220.31247+50.450456,57555.01953125,18.237505210876463,0.0556876808404922,W2
calib_s_220.31247+50.450456,57753.32421875,18.156613945007322,0.0258698780089616,W1
calib_s_220.31247+50.450456,57753.32421875,18.342111839294432,0.0690493658185005,W2
calib_s_220.31247+50.450456,57917.01953125,17.999270080566404,0.0215470287948846,W1
calib_s_220.31247+50.450456,57916.953125,18.66768194580078,0.0915695205330848,W2
calib_s_220.31247+50.450456,58120.76171875,18.472164749145506,0.0377526879310607,W1
calib_s_220.31247+50.450456,58120.828125,18.148992790222167,0.066976323723793,W2
calib_s_220.31247+50.450456,58277.36328125,18.364369033813475,0.0314372852444648,W1
calib_s_220.31247+50.450456,58277.4296875,18.334533943176268,0.0710498020052909,W2
calib_s_220.31247+50.450456,58483.0390625,18.298391937255857,0.0259355437010526,W1
calib_s_220.31247+50.450456,58483.0390625,18.18929220581055,0.0536232180893421,W2
calib_s_220.31247+50.450456,58643.0546875,18.29807817840576,0.0282114781439304,W1
calib_s_220.31247+50.450456,58848.79296875,18.209501861572264,0.0273106805980205,W1
calib_s_220.31247+50.450456,58848.79296875,18.27467943572998,0.0681527853012085,W2
calib_s_220.31247+50.450456,59008.62109375,18.380406021118162,0.0320012345910072,W1
calib_s_220.251+50.214392,55373.72265625,18.09293138885498,0.0233619511127471,W1
calib_s_220.251+50.214392,55373.72265625,18.604901565551756,0.0688420012593269,W2
calib_s_220.251+50.214392,55560.97265625,18.31718504333496,0.0312884487211704,W1
calib_s_220.251+50.214392,55560.97265625,18.69759489440918,0.08634053170681,W2
calib_s_220.251+50.214392,56660.109375,18.02136099243164,0.0245317164808511,W1
calib_s_220.251+50.214392,56660.109375,18.46286608123779,0.0835855528712272,W2
calib_s_220.251+50.214392,56838.31640625,18.139055847167967,0.0259477756917476,W1
calib_s_220.251+50.214392,56838.31640625,18.505157722473143,0.0811348780989646,W2
calib_s_220.251+50.214392,57024.29296875,18.08459913635254,0.0234909765422344,W1
calib_s_220.251+50.214392,57024.29296875,18.428574813842772,0.0688932463526725,W2
calib_s_220.251+50.214392,57196.17578125,18.02895796203613,0.0230136103928089,W1
calib_s_220.251+50.214392,57196.17578125,18.19893576049805,0.0571312643587589,W2
calib_s_220.251+50.214392,57387.64453125,17.98373377227783,0.0231717452406883,W1
calib_s_220.251+50.214392,57387.64453125,18.279710067749022,0.0674068704247474,W2
calib_s_220.251+50.214392,57555.01953125,18.25068342590332,0.0281136929988861,W1
calib_s_220.251+50.214392,57555.01953125,18.42933679962158,0.0775001347064971,W2
calib_s_220.251+50.214392,57753.32421875,18.036876319885252,0.024696335196495,W1
calib_s_220.251+50.214392,57753.32421875,18.17365576171875,0.0631008669734001,W2
calib_s_220.251+50.214392,57917.01953125,17.951387046813963,0.0206269323825836,W1
calib_s_220.251+50.214392,57916.953125,18.598487152099608,0.0842421948909759,W2
calib_s_220.251+50.214392,58120.76171875,18.11243593597412,0.0284422971308231,W1
calib_s_220.251+50.214392,58277.36328125,18.163674949645994,0.0274698045104742,W1
calib_s_220.251+50.214392,58277.4296875,18.60731531524658,0.1008019968867302,W2
calib_s_220.251+50.214392,58483.0390625,18.440097450256346,0.0300641506910324,W1
calib_s_220.251+50.214392,58483.0390625,18.43135382080078,0.0699494332075119,W2
calib_s_220.251+50.214392,58643.0546875,18.067000984191896,0.0224463529884815,W1
calib_s_220.251+50.214392,58643.0546875,18.29590631866455,0.0671475902199745,W2
calib_s_220.251+50.214392,58848.79296875,17.974166511535643,0.0228270627558231,W1
calib_s_220.251+50.214392,58848.79296875,18.40335585021973,0.0808271989226341,W2
calib_s_220.251+50.214392,59008.62109375,18.168515800476072,0.0258969161659479,W1
calib_s_220.251+50.214392,59008.5546875,18.29150129699707,0.0738966912031173,W2
calib_s_220.160325+50.246496,55373.72265625,18.084984420776365,0.023352351039648,W1
calib_s_220.160325+50.246496,55373.72265625,18.19623304748535,0.0481970533728599,W2
calib_s_220.160325+50.246496,55560.97265625,18.01411306762695,0.0249325856566429,W1
calib_s_220.160325+50.246496,55560.97265625,18.407544387817385,0.0687746331095695,W2
calib_s_220.160325+50.246496,56660.109375,18.00109732055664,0.023173127323389,W1
calib_s_220.160325+50.246496,56660.109375,18.247366203308104,0.0642773509025573,W2
calib_s_220.160325+50.246496,56838.31640625,18.018381713867186,0.0240521188825368,W1
calib_s_220.160325+50.246496,56838.31640625,18.48083235168457,0.0806294009089469,W2
calib_s_220.160325+50.246496,57024.29296875,18.036402343749998,0.0214130654931068,W1
calib_s_220.160325+50.246496,57024.29296875,18.487681640625,0.0683586746454238,W2
calib_s_220.160325+50.246496,57196.17578125,18.002345680236814,0.0214943941682577,W1
calib_s_220.160325+50.246496,57196.17578125,18.2529404296875,0.0601132549345493,W2
calib_s_220.160325+50.246496,57387.64453125,17.99238455200195,0.0230108276009559,W1
calib_s_220.160325+50.246496,57387.64453125,18.24795080566406,0.060963999480009,W2
calib_s_220.160325+50.246496,57555.01953125,18.047714828491213,0.0219590850174427,W1
calib_s_220.160325+50.246496,57555.01953125,18.296841873168944,0.0616575218737125,W2
calib_s_220.160325+50.246496,57753.32421875,17.97519934082031,0.022757476195693,W1
calib_s_220.160325+50.246496,57753.32421875,18.292876495361327,0.069574624300003,W2
calib_s_220.160325+50.246496,57917.01953125,18.064036964416502,0.0240815393626689,W1
calib_s_220.160325+50.246496,57916.953125,18.39780641937256,0.0746122002601623,W2
calib_s_220.160325+50.246496,58120.76171875,18.09148466491699,0.0280122645199298,W1
calib_s_220.160325+50.246496,58120.828125,18.469352973937987,0.0913650542497634,W2
calib_s_220.160325+50.246496,58277.36328125,18.105540870666502,0.0254487358033657,W1
calib_s_220.160325+50.246496,58277.4296875,18.321040405273436,0.0742099210619926,W2
calib_s_220.160325+50.246496,58483.0390625,17.975461601257322,0.0188696049153804,W1
calib_s_220.160325+50.246496,58483.0390625,18.655487312316897,0.0819432884454727,W2
calib_s_220.160325+50.246496,58643.0546875,18.027927993774412,0.0210975389927625,W1
calib_s_220.160325+50.246496,58643.0546875,18.37874533081055,0.0713798701763153,W2
calib_s_220.160325+50.246496,58848.79296875,18.019359230041502,0.0239386726170778,W1
calib_s_220.160325+50.246496,58848.79296875,18.349756492614745,0.0773016363382339,W2
calib_s_220.160325+50.246496,59008.62109375,18.03655588531494,0.0221425648778677,W1
calib_s_220.160325+50.246496,59008.5546875,18.229899658203124,0.0671017840504646,W2
calib_s_220.451084+50.216932,55373.72265625,17.513168930053713,0.0145614622160792,W1
calib_s_220.451084+50.216932,55373.72265625,18.215491546630858,0.0505511835217475,W2
calib_s_220.451084+50.216932,55560.97265625,17.515534042358397,0.0168422944843769,W1
calib_s_220.451084+50.216932,55560.97265625,18.25900865936279,0.0644249618053436,W2
calib_s_220.451084+50.216932,56660.109375,17.5581194152832,0.0166485533118248,W1
calib_s_220.451084+50.216932,56660.109375,18.222142471313475,0.0702189952135086,W2
calib_s_220.451084+50.216932,56838.31640625,17.586659072875975,0.0159111395478248,W1
calib_s_220.451084+50.216932,56838.31640625,18.29659868621826,0.0650793015956878,W2
calib_s_220.451084+50.216932,57024.29296875,17.532359718322752,0.0165104549378156,W1
calib_s_220.451084+50.216932,57024.29296875,18.29911734008789,0.0715611353516578,W2
calib_s_220.451084+50.216932,57196.17578125,17.534612297058104,0.0136644123122096,W1
calib_s_220.451084+50.216932,57196.17578125,18.31548239135742,0.05882004275918,W2
calib_s_220.451084+50.216932,57387.64453125,17.55011331939697,0.0160058960318565,W1
calib_s_220.451084+50.216932,57387.64453125,18.27932573699951,0.0694627612829208,W2
calib_s_220.451084+50.216932,57555.01953125,17.595632194519045,0.0143148154020309,W1
calib_s_220.451084+50.216932,57555.01953125,18.268080009460448,0.0583483576774597,W2
calib_s_220.451084+50.216932,57753.32421875,17.54180490875244,0.0152000840753316,W1
calib_s_220.451084+50.216932,57753.32421875,18.4301750793457,0.076419860124588,W2
calib_s_220.451084+50.216932,57917.01953125,17.59403765106201,0.016015550121665,W1
calib_s_220.451084+50.216932,57916.953125,18.338886512756346,0.0701339095830917,W2
calib_s_220.451084+50.216932,58120.76171875,17.565262435913084,0.0160584710538387,W1
calib_s_220.451084+50.216932,58120.828125,18.265039695739745,0.0696905106306076,W2
calib_s_220.451084+50.216932,58277.36328125,17.57803022766113,0.0149456737563014,W1
calib_s_220.451084+50.216932,58277.4296875,18.351102127075194,0.0688405185937881,W2
calib_s_220.451084+50.216932,58483.0390625,17.552976249694822,0.0138857429847121,W1
calib_s_220.451084+50.216932,58483.0390625,18.291889442443846,0.0612993948161602,W2
calib_s_220.451084+50.216932,58643.0546875,17.570477127075193,0.014746599830687,W1
calib_s_220.451084+50.216932,58643.0546875,18.232496513366698,0.0636069625616073,W2
calib_s_220.451084+50.216932,58848.79296875,17.543135284423826,0.0158002041280269,W1
calib_s_220.451084+50.216932,58848.79296875,18.37783457183838,0.08023402094841,W2
calib_s_220.451084+50.216932,59008.62109375,17.580887435913084,0.0155317550525069,W1
calib_s_220.451084+50.216932,59008.5546875,18.192688240051268,0.0671169981360435,W2
calib_s_220.615587+50.39403,55373.72265625,17.67739069366455,0.0164837408810853,W1
calib_s_220.615587+50.39403,55373.72265625,18.27824617767334,0.0524241365492343,W2
calib_s_220.615587+50.39403,55560.97265625,17.654448150634764,0.0188862662762403,W1
calib_s_220.615587+50.39403,55560.97265625,18.436723007202147,0.0719944909214973,W2
calib_s_220.615587+50.39403,56660.109375,17.652654289245604,0.0183366406708955,W1
calib_s_220.615587+50.39403,56660.109375,18.32596327209473,0.0765434950590133,W2
calib_s_220.615587+50.39403,56838.31640625,17.64922678375244,0.0167710687965154,W1
calib_s_220.615587+50.39403,56838.31640625,18.39438272857666,0.0720157101750373,W2
calib_s_220.615587+50.39403,57024.29296875,17.63588678741455,0.0176159832626581,W1
calib_s_220.615587+50.39403,57024.29296875,18.28084112548828,0.0686037540435791,W2
calib_s_220.615587+50.39403,57196.17578125,17.613734840393064,0.0152952251955866,W1
calib_s_220.615587+50.39403,57196.17578125,18.440741790771483,0.0674221441149711,W2
calib_s_220.615587+50.39403,57387.64453125,17.67410242462158,0.017027324065566,W1
calib_s_220.615587+50.39403,57387.64453125,18.4147999420166,0.0761739239096641,W2
calib_s_220.615587+50.39403,57555.01953125,17.65283071899414,0.015977581962943,W1
calib_s_220.615587+50.39403,57555.01953125,18.35150648498535,0.0686640068888664,W2
calib_s_220.615587+50.39403,57753.32421875,17.597636817932127,0.016790660098195,W1
calib_s_220.615587+50.39403,57753.32421875,18.44085623168945,0.0795935243368148,W2
calib_s_220.615587+50.39403,57917.01953125,17.660313247680662,0.0161384157836437,W1
calib_s_220.615587+50.39403,57916.953125,18.24118448638916,0.0631924495100975,W2
calib_s_220.615587+50.39403,58120.76171875,17.568203567504884,0.016317144036293,W1
calib_s_220.615587+50.39403,58120.828125,18.2364494934082,0.0668045654892921,W2
calib_s_220.615587+50.39403,58277.36328125,17.62671530151367,0.0154283810406923,W1
calib_s_220.615587+50.39403,58277.4296875,18.387640251159667,0.0746927186846733,W2
calib_s_220.615587+50.39403,58483.0390625,17.62080824279785,0.014589306898415,W1
calib_s_220.615587+50.39403,58483.0390625,18.342615379333495,0.0645737498998642,W2
calib_s_220.615587+50.39403,58643.0546875,17.643634437561033,0.0151491072028875,W1
calib_s_220.615587+50.39403,58643.0546875,18.375543846130373,0.0701177567243576,W2
calib_s_220.615587+50.39403,58848.79296875,17.64053594970703,0.0177475325763225,W1
calib_s_220.615587+50.39403,58848.79296875,18.461796058654784,0.0858783721923828,W2
calib_s_220.615587+50.39403,59008.62109375,17.62509882354736,0.0149989752098917,W1
calib_s_220.615587+50.39403,59008.5546875,18.43290354156494,0.0769488662481308,W2
calib_s_220.14982+50.379302,55373.72265625,18.06216680908203,0.0221770703792572,W1
calib_s_220.14982+50.379302,55373.72265625,18.358698143005373,0.0536837466061115,W2
calib_s_220.14982+50.379302,55560.97265625,18.076996444702147,0.0284151770174503,W1
calib_s_220.14982+50.379302,55560.97265625,18.283785118103026,0.0668818801641464,W2
calib_s_220.14982+50.379302,56660.109375,17.977684616088865,0.0238818377256393,W1
calib_s_220.14982+50.379302,56660.109375,18.53164793395996,0.0861434265971183,W2
calib_s_220.14982+50.379302,56838.31640625,17.98704302215576,0.0219687800854444,W1
calib_s_220.14982+50.379302,56838.31640625,18.24962355041504,0.061937004327774,W2
calib_s_220.14982+50.379302,57024.29296875,17.99995291137695,0.0233531333506107,W1
calib_s_220.14982+50.379302,57024.29296875,18.254584564208983,0.064358651638031,W2
calib_s_220.14982+50.379302,57196.17578125,18.022845863342283,0.0215200576931238,W1
calib_s_220.14982+50.379302,57196.17578125,18.28046156311035,0.0601040087640285,W2
calib_s_220.14982+50.379302,57387.64453125,18.023269294738768,0.0247194021940231,W1
calib_s_220.14982+50.379302,57387.64453125,18.10063387298584,0.055743359029293,W2
calib_s_220.14982+50.379302,57555.01953125,18.036853431701658,0.0193609688431024,W1
calib_s_220.14982+50.379302,57555.01953125,18.164695991516112,0.0500344708561897,W2
calib_s_220.14982+50.379302,57753.32421875,18.036744712829588,0.0236480105668306,W1
calib_s_220.14982+50.379302,57753.32421875,18.461662544250487,0.0774299725890159,W2
calib_s_220.14982+50.379302,57917.01953125,18.007882713317873,0.0214493218809366,W1
calib_s_220.14982+50.379302,57916.953125,18.232860816955565,0.0626729950308799,W2
calib_s_220.14982+50.379302,58120.76171875,18.024399398803713,0.0243619568645954,W1
calib_s_220.14982+50.379302,58120.828125,18.429991020202635,0.0821543782949447,W2
calib_s_220.14982+50.379302,58277.36328125,18.03185045623779,0.0229006148874759,W1
calib_s_220.14982+50.379302,58277.4296875,18.29841638946533,0.0656191632151603,W2
calib_s_220.14982+50.379302,58483.0390625,17.99818575286865,0.0185239724814891,W1
calib_s_220.14982+50.379302,58483.0390625,18.345600379943846,0.0596616268157959,W2
calib_s_220.14982+50.379302,58643.0546875,18.0608106842041,0.0223271586000919,W1
calib_s_220.14982+50.379302,58643.0546875,18.196449531555174,0.061738047748804,W2
calib_s_220.14982+50.379302,58848.79296875,18.02679312133789,0.0245984029024839,W1
calib_s_220.14982+50.379302,58848.79296875,18.206116928100585,0.0671196356415748,W2
calib_s_220.14982+50.379302,59008.62109375,17.951861976623533,0.0224221069365739,W1
calib_s_220.14982+50.379302,59008.5546875,18.391095413208006,0.0870659723877906,W2
