oid,MHPS_ratio_W1,MHPS_low_W1,MHPS_high_W1,MHPS_non_zero_W1,MHPS_PN_flag_W1,MHPS_ratio_W2,MHPS_low_W2,MHPS_high_W2,MHPS_non_zero_W2,MHPS_PN_flag_W2,GP_DRW_sigma_W1,GP_DRW_tau_W1,GP_DRW_sigma_W2,GP_DRW_tau_W2,iqr_W1,iqr_W2,Amplitude_W1,AndersonDarling_W1,Autocor_length_W1,Beyond1Std_W1,Con_W1,Eta_e_W1,Gskew_W1,MaxSlope_W1,Mean_W1,Meanvariance_W1,MedianAbsDev_W1,MedianBRP_W1,PairSlopeTrend_W1,PercentAmplitude_W1,Q31_W1,Rcs_W1,Skew_W1,SmallKurtosis_W1,Std_W1,StetsonK_W1,Pvar_W1,ExcessVar_W1,SF_ML_amplitude_W1,SF_ML_gamma_W1,IAR_phi_W1,LinearTrend_W1,Amplitude_W2,AndersonDarling_W2,Autocor_length_W2,Beyond1Std_W2,Con_W2,Eta_e_W2,Gskew_W2,MaxSlope_W2,Mean_W2,Meanvariance_W2,MedianAbsDev_W2,MedianBRP_W2,PairSlopeTrend_W2,PercentAmplitude_W2,Q31_W2,Rcs_W2,Skew_W2,SmallKurtosis_W2,Std_W2,StetsonK_W2,Pvar_W2,ExcessVar_W2,SF_ML_amplitude_W2,SF_ML_gamma_W2,IAR_phi_W2,LinearTrend_W2
QSO_322.5225304-43.9594935,,,0.21197178959846497,22.0,1.0,,,0.09243643283843994,22.0,1.0,1.0,1.0,1.0,1.0,0.45124999999999815,0.48375000000000057,0.5384999999999991,0.7696128453685771,1.0,0.0,0.0,0.8436333680806222,-0.046999999999997044,1801.370420219884,19.303035714285716,0.014834777088810874,0.17700000000000138,0.32142857142857145,-0.03333333333333333,0.029271330703757526,0.45124999999999815,0.1493563885811169,-0.08138036311646576,-0.12261228597948026,0.2863562319587838,,,,,,0.9999999848794109,-4.230555651758154e-05,0.5555000000000003,0.7915330963061394,1.0,0.0,0.0,0.002209721434530702,-0.30700000000000927,102.73975780722095,18.664964285714287,0.017358226812775195,0.26049999999999685,0.25,-0.1,0.044194153928667476,0.48375000000000057,0.2213782477194462,-0.35559991786814144,0.08562398460087861,0.3239906835237772,,,,,,0.9999999848794109,-9.3163722994074e-05
QSO_322.5549943-43.9411707,,,0.0009775534272193909,25.0,1.0,,,0.01580861769616604,25.0,1.0,1.0,1.0,1.0,1.0,0.6414999999999971,0.4095000000000013,0.4922499999999985,0.9820647251516702,1.0,0.0,0.0,0.03832321364204633,-0.10600000000000165,602.7397422551644,19.224967741935487,0.01663712010831102,0.32399999999999807,0.1935483870967742,0.1,0.03105493133583028,0.6414999999999971,0.3202840613751029,0.009501910149838824,-1.181525314859845,0.31984809740098563,,,,,,4.2300630066830894e-13,-0.00011732122127581486,0.4657499999999999,0.8724878821303163,2.0,0.0,0.0,1.5001327912188154,0.05299999999999727,2890.4118529763773,18.60925806451613,0.014533738253322607,0.20899999999999963,0.2903225806451613,-0.03333333333333333,0.02988294945789948,0.4095000000000013,0.2502673340787719,0.13711514503167418,-0.6512139878033123,0.2704620857982103,,,,,,0.9999999848794109,-6.365958755697726e-05
QSO_322.5624907-44.0406358,,,0.000358658900950104,22.0,1.0,,,0.00869793351739645,22.0,1.0,1.0,1.0,1.0,1.0,0.347999999999999,0.44324999999999903,0.5252499999999998,0.3074553945371731,2.0,0.0,0.0,1.545581833178907,-0.016999999999995907,3141.552387249418,19.213791666666665,0.014401170988936948,0.19149999999999778,0.2916666666666667,-0.03333333333333333,0.028860891024808343,0.347999999999999,0.35557823657218457,0.12613931976085982,0.056508891743799694,0.2767010991374785,,,,,,1.268838494272633e-07,-8.366795004221022e-05,0.3625000000000007,0.9809855810959777,1.0,0.0,0.0,6.075962169020375,-0.2259999999999991,5470.319418495393,18.6635,0.013020313959628623,0.2054999999999989,0.25,-0.03333333333333333,0.026811942530577306,0.44324999999999903,0.23679247084637933,-0.34387103352764053,-1.1092222998377075,0.2430046295855288,,,,,,0.9999999848794109,-1.3349632776467325e-05
QSO_322.5878398-44.0743209,,,0.02703142911195755,23.0,1.0,,,0.0024124057963490486,23.0,1.0,1.0,1.0,1.0,1.0,0.3689999999999998,0.37900000000000134,0.6072500000000005,0.5745734091720135,2.0,0.0,0.0,0.38121238982701205,-0.4939999999999998,2321.9172535941634,19.145,0.01733492220845278,0.21799999999999997,0.4,0.0,0.049380143764975536,0.3689999999999998,0.3665212370732446,-0.7605919550808814,0.9767986606816264,0.33187708568082847,,,,,,0.9999999848794109,-0.000265257030342392,0.40625,0.8147251063405152,1.0,0.0,0.0,4.15700781019298,-0.2639999999999958,5388.127282896577,18.62732,0.012957086176845394,0.19000000000000128,0.16,-0.2,0.02938500240860673,0.37900000000000134,0.1689456048196932,-0.44447103659532505,-0.5359693237816652,0.24135579048367575,,,,,,0.9999999848794109,-3.941751642478213e-05
QSO_322.5882891-43.9696661,,,0.006923486012965441,23.0,1.0,,,0.018041539937257767,23.0,1.0,1.0,1.0,1.0,1.0,0.4770000000000003,0.4295000000000009,0.5682500000000008,0.36521619087701274,2.0,0.0,0.0,1.449990271662138,0.05949999999999278,9.731845354203992,19.172894736842103,0.016142585281520603,0.24249999999999972,0.3157894736842105,0.03333333333333333,0.0340473270891492,0.4770000000000003,0.349451029945649,0.21670243924331112,-0.5101414871525045,0.3095000883830912,,,,,,4.2300630066830894e-13,-0.00011659863873094187,0.5485000000000007,0.49990194812250904,1.0,0.0,0.0,1.0287874732616515,-0.21100000000000563,8.21010614055765,18.63305263157895,0.016098505029459007,0.21850000000000058,0.3157894736842105,-0.16666666666666666,0.04494834294914811,0.4295000000000009,0.2958015984260153,-0.4389364045706242,0.17944875507818914,0.2999642915036481,,,,,,0.9999999848794109,-0.00010602823904702619
QSO_322.5908055-44.0656254,,,1.6394938230514526,24.0,1.0,,,0.0036817830987274647,24.0,1.0,1.0,1.0,1.0,1.0,0.5327500000000001,0.4190000000000005,0.8825000000000003,0.9991066530096787,1.0,0.0,0.0,0.42320951523398875,-1.4480000000000004,2794.520251807386,19.262583333333335,0.025584136320321478,0.26449999999999996,0.4166666666666667,-0.03333333333333333,0.09900503941077649,0.5327500000000001,0.16734872419210473,-2.031361677178231,7.843504556009135,0.49281655788155254,,,,,,0.5291422005423847,0.000907806457797093,0.39424999999999777,0.9997680979598462,1.0,0.0,0.0,2.3891831092906597,-0.5489999999999995,3945.2045370803435,18.776875,0.013156799048836727,0.13250000000000206,0.375,-0.03333333333333333,0.038034991133109174,0.4190000000000005,0.1856959879112942,-0.7759329233976784,-0.10178564239337806,0.24704357114012612,,,,,,0.9999999848794109,0.00038981558430776163
QSO_322.6139262-43.8821727,,,0.0003066620556637645,24.0,1.0,,,0.005087266210466623,24.0,1.0,1.0,1.0,1.0,1.0,0.3979999999999997,0.5172499999999971,0.7212499999999995,0.2880812098200867,1.0,0.0,0.0,2.0557645225656387,-0.292500000000004,6630.136063423218,19.138131578947366,0.018332939522297143,0.20949999999999847,0.39473684210526316,-0.1,0.05083242001983196,0.3979999999999997,0.31284982144551604,-0.41889065794009916,0.5354368856120564,0.3508582088066072,,,,,,0.9952402752530417,-0.00012008021871439463,0.5357500000000002,0.9694088013512833,1.0,0.0,0.0,2.502509615324653,-0.02650000000000574,5022.831185459488,18.602499999999996,0.017136662316705367,0.22049999999999947,0.18421052631578946,-0.03333333333333333,0.03123819800377667,0.5172499999999971,0.14978758673463985,-0.1397296308064104,-0.8311470069762268,0.3187847607465115,,,,,,0.9999999848794109,-5.9945925969274824e-05
QSO_322.6245145-43.9103648,,,0.010458502918481827,23.0,1.0,,,0.028022319078445435,23.0,1.0,1.0,1.0,1.0,1.0,0.5579999999999998,0.4884999999999984,0.6327499999999997,0.730047635893671,1.0,0.0,0.0,0.7597964051848809,-0.3639999999999972,3497.716989147253,19.218375,0.018374597824752047,0.29100000000000215,0.1875,0.03333333333333333,0.04590631893084205,0.5579999999999998,0.272518333548478,-0.4390527721364497,-0.3442417715105055,0.3531299114702692,,,,,,4.2300630066830894e-13,-7.640633107805893e-05,0.5407499999999992,0.9973453217858573,1.0,0.0,0.0,1.4818027329706038,-0.4239999999999995,4054.7946297163985,18.62684375,0.017284128681357924,0.24899999999999878,0.3125,0.03333333333333333,0.04311610646875089,0.4884999999999984,0.19599877215463157,-0.551047507529653,-0.6422300098114504,0.3219487643025476,,,,,,0.9999999848794109,-6.640951903723463e-05
QSO_322.6311078-43.9420011,,,0.03363528475165367,21.0,1.0,,,0.0032227167394012213,21.0,1.0,1.0,1.0,1.0,1.0,0.47050000000000125,0.37299999999999756,0.5479999999999983,0.8265813128971388,2.0,0.0,0.0,1.1795844657315224,-0.20900000000000318,9.867849402015148,19.214870967741934,0.015990476200600595,0.23899999999999721,0.12903225806451613,-0.1,0.03598317669660926,0.47050000000000125,0.28730459243723616,-0.35302957217826586,-0.5632186331279159,0.3072549369072887,,,,,,0.9999999848794109,-0.00011197768493335011,0.5952500000000001,0.6832826096560559,2.0,0.0,0.0,1.02129829951919,-0.28999999999999915,9.263604021366833,18.521548387096775,0.01785319461718201,0.2029999999999994,0.3548387096774194,0.03333333333333333,0.04134102301514596,0.37299999999999756,0.30413245871097944,-0.3810002764512021,-0.07046054328912588,0.3306688079663923,,,,,,0.9999999848794109,-0.0001342050401322433
QSO_322.6339507-43.8759914,,,0.005257605109363794,24.0,1.0,,,4.902619912172668e-05,24.0,1.0,1.0,1.0,1.0,1.0,0.33699999999999974,0.3990000000000009,0.7057500000000001,0.6981144266805216,1.0,0.0,0.0,1.4595616384524297,-0.534000000000006,3541.0969857554355,19.219818181818184,0.016860472673866943,0.2070000000000043,0.3939393939393939,-0.16666666666666666,0.05652151346862522,0.33699999999999974,0.2147374050024267,-0.77377631687955,2.4215480745724194,0.32405521925123654,,,,,,0.9999999848794109,-9.714752527429503e-05,0.6384999999999987,0.9869987333889031,1.0,0.0,0.0,0.8374329214267472,-0.867999999999995,3260.274060380078,18.592909090909092,0.017516831786640846,0.18299999999999983,0.45454545454545453,0.03333333333333333,0.06705586203202822,0.3990000000000009,0.28036357919627736,-1.416270277098035,4.026845345718634,0.32568886096975996,,,,,,0.9999999848794109,-8.371774161535724e-05
QSO_322.6380986-44.0274097,,,0.0014258739538490772,25.0,1.0,,,0.00242006522603333,25.0,1.0,1.0,1.0,1.0,1.0,0.42075000000000173,0.5072500000000026,0.5642499999999995,0.7637731359687604,1.0,0.0,0.0,0.528709569156281,0.10550000000000637,3333.33320158736,19.19113157894737,0.016126369818263406,0.21099999999999852,0.3157894736842105,-0.16666666666666666,0.03219914413944269,0.42075000000000173,0.19993561619113748,0.14887185198181174,-0.5237857435471707,0.3094832850730586,,,,,,0.9999999848794109,-6.180595606097702e-05,0.6372500000000016,0.9962265067525308,1.0,0.0,0.0,0.49002847088672924,-0.42950000000000443,3625.5703920507663,18.59534210526316,0.018256116076332568,0.2569999999999997,0.10526315789473684,-0.1,0.04621578099838991,0.5072500000000026,0.25828053935607015,-0.6527265510561964,0.02272191309218563,0.3394787239527987,,,,,,0.9999999848794109,-0.00010918315599026377
QSO_322.6595101-44.0589367,,,0.03455640375614166,24.0,1.0,,,0.013066906481981277,24.0,1.0,1.0,1.0,1.0,1.0,0.6059999999999981,0.2942500000000017,0.551750000000002,0.9810169287439361,1.0,0.0,0.0,4.173620144373491,0.10950000000000415,7990.866733109331,19.149774999999998,0.017958284787461594,0.275999999999998,0.175,-0.1,0.035797522717155174,0.6059999999999981,0.3033501766559902,0.06690413514526054,-1.116858028854527,0.34389711306581233,,,,,,0.04100618442468519,-0.00010555560299020311,0.6439999999999984,0.9694695641717389,1.0,0.0,0.0,0.034448055036746354,-0.26900000000000546,557.0775665367643,18.593675,0.01452566452354062,0.1479999999999997,0.45,-0.23333333333333334,0.04227852186541882,0.2942500000000017,0.2665336677290984,-0.8153960803306733,2.2211207664933963,0.27008548530974413,,,,,,0.9999999848794109,-8.027974212007394e-05
QSO_322.6685471-44.0857467,,,0.0055702063255012035,25.0,1.0,,,0.0010066021932289004,25.0,1.0,1.0,1.0,1.0,1.0,0.6400000000000006,0.5090000000000003,0.5797499999999989,0.9125778713652271,1.0,0.0,0.0,0.7702176187893502,-0.045999999999999375,2958.903402810288,19.24564,0.01861325156755301,0.3100000000000023,0.16,0.13333333333333333,0.032651783851450095,0.6400000000000006,0.15231142890048732,-0.08186700450729585,-0.8605906363760902,0.3582239388985609,,,,,,4.2300630066830894e-13,0.0008118052422502528,0.4039999999999999,0.9590263684852577,1.0,0.0,0.0,1.8496839321188656,0.17199999999999704,4356.16334302623,18.58168,0.014149208558858928,0.21300000000000097,0.2,0.26666666666666666,0.026996382484747044,0.5090000000000003,0.23554893778185276,0.2512537466141993,-1.1317334516029653,0.26291606569397774,,,,,,0.9999999848794109,0.0009554816066963748
QSO_322.6782929-43.8773534,,,0.009454132989048958,30.0,1.0,,,0.020753415301442146,30.0,1.0,1.0,1.0,1.0,1.0,0.4239999999999995,0.5015000000000001,0.509500000000001,0.7410143864517695,2.0,0.0,0.0,0.12408600323386168,0.015999999999998238,726.0276218376542,19.147254901960785,0.015718997823756565,0.2560000000000002,0.29411764705882354,-0.1,0.03309420327800185,0.4239999999999995,0.27473638996196753,0.00908611111465096,-0.6768094788088099,0.3009756581348338,,,,,,0.9918694054769608,-9.043556155143214e-05,0.5609999999999999,0.881857950059268,1.0,0.0,0.0,0.6445793608717547,-0.3254999999999981,1869.8635920913484,18.509117647058826,0.018371480019644976,0.2530000000000001,0.3333333333333333,0.03333333333333333,0.051827135245681125,0.5015000000000001,0.26360297348395134,-0.35667106937144943,-0.3984097439050651,0.34003988503419946,,,,,,0.9999999848794109,-7.266897472761599e-05
QSO_322.6851924-44.1506927,,,0.00029201185679994524,25.0,1.0,,,0.01297435536980629,25.0,1.0,1.0,1.0,1.0,1.0,0.5809999999999995,0.38400000000000034,0.6652500000000003,0.8037290444089048,1.0,0.0,0.0,0.3007779524103145,-0.23999999999999488,2150.6845249634325,19.190151515151513,0.01791808894018303,0.24399999999999977,0.30303030303030304,0.03333333333333333,0.04493914490793721,0.5809999999999995,0.34454472204938225,-0.314283730447139,-0.20141029856760184,0.343850841624073,,,,,,4.2300630066830894e-13,-0.00011162645380015916,0.5662499999999984,0.5310399029514561,1.0,0.0,0.0,0.9011244922040881,-0.375,2347.0321826136756,18.66369696969697,0.015994074720497325,0.19700000000000273,0.3939393939393939,0.16666666666666666,0.04447417714744445,0.38400000000000034,0.25347009340387705,-0.6428831397082472,0.4656554016739558,0.2985085638940529,,,,,,0.9999999848794109,-0.00011266937602698243
QSO_322.6990829-44.1434016,,,0.0023822172079235315,24.0,1.0,,,0.0016460454789921641,24.0,1.0,1.0,1.0,1.0,1.0,0.5210000000000008,0.4295000000000009,0.5212500000000002,0.9630662402023614,1.0,0.0,0.0,0.10260471519364048,0.04549999999999699,1196.3471436668883,19.244114285714286,0.017066607836646135,0.2789999999999999,0.2,-0.03333333333333333,0.028794178794178903,0.5210000000000008,0.28454083510663136,0.18724314787538957,-1.112068943961578,0.3284317516778853,,,,,,0.9999999848794109,-0.00010513157170705724,0.5240000000000009,0.27600886956803244,1.0,0.0,0.0,2.7272764586371165,-0.07200000000000273,4529.680788234916,18.600228571428577,0.015147562411235287,0.2190000000000012,0.2571428571428571,0.03333333333333333,0.03151554264816619,0.4295000000000009,0.2697502712835522,-0.1526984054487085,-0.5703970575178525,0.28174812314895614,,,,,,0.9999999848794109,-6.998900602925386e-05
QSO_322.7063899-44.032588,,,0.01452253945171833,24.0,1.0,,,0.03660576045513153,24.0,1.0,1.0,1.0,1.0,1.0,0.5265000000000022,0.5110000000000028,0.5954999999999995,0.879453554566381,1.0,0.0,0.0,0.37235230272329317,-0.22999999999999687,2337.8994509763293,19.18076923076923,0.017733247988841943,0.28500000000000014,0.23076923076923078,0.03333333333333333,0.037689748388438415,0.5265000000000022,0.2860487435337207,-0.24020279647978202,-0.7639204473501819,0.34013733738597984,,,,,,4.2300630066830894e-13,-0.000135791183890268,0.6587499999999995,0.599643398456507,1.0,0.0,0.0,0.27611649782985587,-0.3464999999999989,2365.2965530003653,18.51225641025641,0.018186265122171866,0.26099999999999923,0.28205128205128205,-0.03333333333333333,0.053080159672025125,0.5110000000000028,0.26887559570018194,-0.5464150420872025,0.36112099740537795,0.3366688030865487,,,,,,0.9999999848794109,-0.00012834203866886248
QSO_322.7097893-44.1428834,,,0.001671026460826397,24.0,1.0,,,0.0262807197868824,24.0,1.0,1.0,1.0,1.0,1.0,0.331749999999996,0.4122500000000002,0.5082500000000003,0.332855726832496,1.0,0.0,0.0,1.3387882593459657,0.06099999999999284,3328.76649405171,19.20546875,0.013124045192425405,0.17950000000000088,0.28125,-0.03333333333333333,0.030358258696104895,0.331749999999996,0.31206567392890194,0.10763835122323376,0.22383127321411544,0.25205343981671385,,,,,,0.9791429749015784,-0.00010290265572147386,0.4034999999999975,0.9931624186736102,1.0,0.0,0.0,0.3565124551794985,-0.20700000000000074,1568.4928541930708,18.74021875,0.013055817451946606,0.20350000000000001,0.3125,0.16666666666666666,0.027512663289789296,0.4122500000000002,0.10262195563910681,-0.5573750773296059,-0.608163842469621,0.244668875009547,,,,,,0.9999999848794109,-1.1407280943853526e-05
QSO_322.7128828-43.9901043,,,0.012062901630997658,24.0,1.0,,,6.333534111035988e-05,24.0,1.0,1.0,1.0,1.0,1.0,0.5509999999999984,0.5010000000000012,0.5440000000000005,0.9131111161425288,1.0,0.0,0.0,1.5045985185688209,-0.0005000000000023874,5223.7440857752235,19.190097560975612,0.017951530567325853,0.2789999999999999,0.21951219512195122,-0.03333333333333333,0.03704864921356532,0.5509999999999984,0.19356562719617676,-0.07663755126667061,-0.870389905322825,0.34449162295581903,,,,,,0.9999999848794109,-5.573959074435442e-05,0.6965000000000003,0.9999967712245963,1.0,0.0,0.0,0.10131258030553944,-0.8669999999999973,1552.5113541639828,18.620658536585367,0.020708192028053563,0.22000000000000242,0.36585365853658536,-0.03333333333333333,0.06898575468174782,0.5010000000000012,0.28237384331055404,-1.2582199793105533,1.705885914452757,0.38560017266442465,,,,,,0.9999999848794109,-0.00012876874145085096
QSO_322.7526418-43.9245501,,,8.052957127802074e-05,20.0,1.0,,,0.01218029111623764,20.0,1.0,1.0,1.0,1.0,1.0,0.34174999999999756,0.5507500000000007,0.5199999999999996,0.5845610719301415,1.0,0.0,0.0,0.7494167189236366,-0.29299999999999926,6.316632542178206,19.301076923076923,0.015849269534466,0.19750000000000156,0.3076923076923077,-0.03333333333333333,0.03681869893473987,0.34174999999999756,0.32949732508383167,-0.4394539876281089,-0.16275653076686192,0.30590797045930784,,,,-0.5,-0.5,0.03444185447883936,-0.00012153158796448599,0.5560000000000009,0.9964597209469664,1.0,0.0,0.0,0.9418711387772776,-0.722999999999999,7.220161957830014,18.696115384615386,0.017791798443993756,0.27999999999999936,0.19230769230769232,0.03333333333333333,0.05895867282878745,0.5507500000000007,0.25386573088062186,-1.1450592069059364,3.020988050530057,0.33263751660872776,,,,,,0.9999999848794109,-0.00011730413510352108
QSO_322.7576902-43.8830701,,,0.005528976209461689,21.0,1.0,,,0.05124780535697937,21.0,1.0,1.0,1.0,1.0,1.0,0.41550000000000153,0.5599999999999987,0.4969999999999999,0.3688990584906112,1.0,0.0,0.0,0.45375818667981954,-0.012000000000000455,1342.46616868098,19.2087,0.015148545478459997,0.21649999999999991,0.23333333333333334,0.23333333333333334,0.027527709840245614,0.41550000000000153,0.2772547767180869,-0.09399319834813795,-0.7551255351200417,0.29098386553209454,,,,,,0.9999999848794109,-0.00012910323895046007,0.40775000000000006,0.9969748655218431,1.0,0.0,0.0,0.1887611628238195,-0.12099999999999511,815.0687452705871,18.67623333333334,0.014670939715259596,0.2789999999999999,0.2,-0.1,0.02776810818047929,0.5599999999999987,0.22976656786590155,-0.07080158601483227,-1.2541659375697658,0.2739978933414552,,,,,,0.9999999848794109,-3.057704314372925e-05
QSO_322.7727211-44.1440843,,,0.0788111537694931,24.0,1.0,,,0.055256377905607224,24.0,1.0,1.0,1.0,1.0,1.0,0.5552499999999974,0.5082499999999968,0.7210000000000001,0.36563269682813837,1.0,0.0,0.0,0.9333082951738402,-0.25499999999999545,4665.299569917241,19.143944444444443,0.019550952381071504,0.28749999999999964,0.3611111111111111,-0.1,0.052642568184783925,0.5552499999999974,0.2988146529283895,-0.4434272464510507,0.19085350297329962,0.3742823462192117,,,,,,2.0530371420628454e-07,-0.0001494317838347163,0.5612500000000011,0.9905374561206841,1.0,0.0,0.0,0.5128634432011636,-0.4475000000000051,3589.0404174549058,18.645750000000003,0.01753166867759054,0.2209999999999983,0.2777777777777778,0.03333333333333333,0.04270994607869311,0.5082499999999968,0.20931621802280023,-0.6429073643665393,-0.36166304445751374,0.3268911112451839,,,,,,0.9999999848794109,-7.314309956078201e-05
QSO_322.7820389-44.0333677,,,0.06937167048454285,23.0,1.0,,,0.006567632779479027,23.0,1.0,1.0,1.0,1.0,1.0,0.47900000000000276,0.4054999999999964,0.62425,0.29753423219273584,1.0,0.0,0.0,1.578806083271599,-0.17599999999999483,4534.24549226944,19.274096774193556,0.01649777683408394,0.25700000000000145,0.3225806451612903,-0.1,0.03897584741370368,0.47900000000000276,0.20631030109306336,-0.2341226539374899,-0.006493189503135266,0.31797974725918243,,,,,,0.9999999848794109,-0.00010569859480483443,0.6300000000000008,0.6904380889716938,1.0,0.0,0.0,1.6323522295924948,-0.40500000000000114,4705.478328080209,18.56203225806452,0.01738305674125456,0.1960000000000015,0.3870967741935484,-0.03333333333333333,0.048697621744054294,0.4054999999999964,0.28865689958479324,-0.7170511940266062,1.1228232418399333,0.32266485997493305,,,,,,0.9999999848794109,-0.00011432814316832536
QSO_322.792863-43.984017,,,0.01570165902376175,22.0,1.0,,,0.015124361030757427,22.0,1.0,1.0,1.0,1.0,1.0,0.5670000000000002,0.4707499999999989,0.40700000000000003,0.9997549696804973,1.0,0.0,0.0,1.744307272508036,-0.20700000000000074,5844.748627440823,19.480500000000003,0.014423129975283371,0.26900000000000013,0.11538461538461539,-0.03333333333333333,0.027681749507054956,0.5670000000000002,0.2654268446674421,-0.10361210308107105,-1.4480392696704663,0.28096978348350776,,,,,,0.9999999848794109,-0.00011882551990846848,0.6362500000000004,0.9993086098718574,1.0,0.0,0.0,1.3950946436421756,-0.9860000000000042,6858.447217512596,18.673384615384617,0.020227959615376104,0.22749999999999915,0.34615384615384615,0.03333333333333333,0.06694338016177111,0.4707499999999989,0.2369608651185177,-1.207774472251143,1.9491782541134781,0.37772446988238545,,,,,,0.9999999848794109,-0.00018433935558001113
QSO_322.7949917-43.9144207,,,0.03789808228611946,20.0,1.0,,,0.0007310674409382045,20.0,1.0,1.0,1.0,1.0,1.0,0.35375000000000156,0.32175000000000153,0.5332500000000024,0.4842948470744513,1.0,0.0,0.0,0.5250543214566017,-0.05000000000000426,5.479452051250725,19.18030769230769,0.015506025051450765,0.20049999999999635,0.4230769230769231,0.1,0.03230861650168487,0.35375000000000156,0.29969751092275565,-0.10587651910791607,0.02095924091961532,0.29741033157145685,,,,,,4.2300630066830894e-13,-0.0001362930786340669,0.44425000000000026,0.9999858369575134,1.0,0.0,0.0,1.1010705514359316,-0.710000000000008,7.253549330730912,18.809538461538462,0.013280501802180125,0.11150000000000126,0.34615384615384615,-0.03333333333333333,0.04451022889464515,0.32175000000000153,0.25602719488798703,-1.3757241637814799,2.3647161772950143,0.2498001094366379,,,,,,0.9999999848794109,-0.00010064815296371517
QSO_322.7957924-43.9329275,,,0.013272673822939396,21.0,1.0,,,0.05408257246017456,21.0,1.0,1.0,1.0,1.0,1.0,0.28699999999999903,0.35600000000000165,0.5082500000000003,0.9309277451106723,1.0,0.0,0.0,0.001994758187578662,0.040500000000001535,109.58903676451949,19.168694444444444,0.014148035795198789,0.15799999999999947,0.4444444444444444,0.1,0.029744820748317084,0.28699999999999903,0.24100191184346262,0.24037996886270602,-0.12216803107954055,0.27119937514722814,,,,,,5.810365477829022e-11,-7.418365864716207e-05,0.4197500000000005,0.7634828111303373,2.0,0.0,0.0,0.008551886540793589,-0.17650000000000432,200.9132340682641,18.715916666666665,0.012733464377139122,0.1844999999999999,0.19444444444444445,0.1,0.028426666666666732,0.35600000000000165,0.2713261806749657,-0.20898191514106434,-0.7581951080978531,0.23831845816050437,,,,,,0.9999999848794109,-5.1976368252512236e-05
QSO_322.8134287-44.0259561,,,0.003483496606349945,21.0,1.0,,,1.7057956938515417e-05,21.0,1.0,1.0,1.0,1.0,1.0,0.5342500000000001,0.36599999999999966,0.6717500000000012,0.23774743686852093,1.0,0.0,0.0,0.4097137455262074,-0.18900000000000716,2068.4926565942405,19.190375,0.018483964568135926,0.27399999999999736,0.375,-0.03333333333333333,0.04298890104736609,0.5342500000000001,0.3038647811127713,-0.1226262290081513,-0.13594796205563986,0.35471421154924143,,,,,,0.9968944042176022,-0.00014550612351300202,1.8897500000000003,1.0,1.0,0.0,0.0,0.08654821455921068,-5.509999999999998,3363.012895323711,18.467031249999998,0.05770463226515961,0.1899999999999995,0.90625,-0.03333333333333333,0.31631942584757106,0.36599999999999966,0.17918299739325838,-4.762846462661244,28.813216745202908,1.0656332473104606,,,,,,0.9999999848794109,-0.00019455184064388865
QSO_322.8227733-43.9375374,,,0.0038352322299033403,22.0,1.0,,,0.02370022051036358,22.0,1.0,1.0,1.0,1.0,1.0,0.5549999999999962,0.43400000000000105,0.6174999999999997,0.890635871634122,1.0,0.0,0.0,1.6214119389548378,-0.19000000000001194,5488.584257956135,19.215806451612906,0.01811396121536017,0.27699999999999747,0.41935483870967744,-0.16666666666666666,0.0437052895410163,0.5549999999999962,0.2777194217251357,-0.306276396377685,0.026294418033573574,0.34807437278638387,,,,,,4.2300630066830894e-13,-0.0001195918679057506,0.7852500000000013,0.8277618124680215,1.0,0.0,0.0,1.0165703964970079,-0.767000000000003,5168.949567392964,18.455387096774196,0.02179069859430167,0.23200000000000287,0.3870967741935484,-0.03333333333333333,0.07183426191377722,0.43400000000000105,0.25955328525523047,-1.0705031155280536,2.448233286870421,0.4021557776669707,,,,,,0.9999999848794109,-0.00015741451031831653
QSO_322.8275848-43.9219285,,,0.0029146717861294746,21.0,1.0,,,0.005027678329497576,21.0,1.0,1.0,1.0,1.0,1.0,0.321749999999998,0.5642499999999977,0.5619999999999976,0.8798368351211875,1.0,0.0,0.0,2.0400652943505992,0.01099999999999568,3543.3788553859786,19.179366666666663,0.014163560280807825,0.12349999999999994,0.4666666666666667,-0.3,0.03180119679113621,0.321749999999998,0.23735363098572484,-0.35706304860536875,0.8265351625736073,0.27164811593104954,,,,,,4.2300630066830894e-13,-8.139526784202451e-05,0.600500000000002,0.9999999430798469,1.0,0.0,0.0,2.2604332844772634,-0.9640000000000057,5132.419888471479,18.701633333333337,0.019987434487469438,0.16149999999999842,0.43333333333333335,0.03333333333333333,0.06077465161871467,0.5642499999999977,0.3295306186068882,-1.0574327345808854,0.4032872038022557,0.3737976710586748,,,,,,0.9999999848794109,-0.000142719808328385
QSO_322.8379645-44.0064399,,,0.011677236296236515,22.0,1.0,,,0.01124632265418768,22.0,1.0,1.0,1.0,1.0,1.0,0.39599999999999724,0.4289999999999985,0.6022499999999997,0.27410263789723704,1.0,0.0,0.0,4.318838962575111,0.029000000000003467,7589.040291672972,19.24115625,0.016739495396272005,0.2289999999999992,0.375,0.03333333333333333,0.034387609006898294,0.39599999999999724,0.19652696224256122,0.10351280039980354,-0.24057062265032236,0.3220872464658253,,,,,,0.9999999848794109,-7.510961698792882e-05,0.5569999999999986,0.8927519103676559,1.0,0.0,0.0,1.937069195907451,-0.33899999999999864,4575.341980900293,18.636375,0.016156761462383297,0.20899999999999963,0.34375,-0.1,0.03998071927804413,0.4289999999999985,0.2915967145505696,-0.6778557310969897,0.16376945386923358,0.3011034653985235,,,,,,0.9999999848794109,-0.00011716615680941015
QSO_322.8485335-44.0702751,,,0.027284838259220123,22.0,1.0,,,0.02389589138329029,22.0,1.0,1.0,1.0,1.0,1.0,0.35949999999999704,0.40625,0.5890000000000004,0.6568108234026732,2.0,0.0,0.0,2.6645423006870974,0.04800000000000182,6684.932131024122,19.2031,0.01723557495694237,0.19399999999999906,0.3,-0.3,0.033469089390141926,0.35949999999999704,0.3568632341978505,0.17647469948570166,-0.2976304358674917,0.33097646945566,,,,,,0.9999999848794109,-0.00012608392041452756,0.6039999999999992,0.9863532050367325,1.0,0.0,0.0,2.8388694326746085,-0.6879999999999882,4785.387938717178,18.56723333333333,0.016670048811543436,0.20500000000000185,0.3,-0.03333333333333333,0.056753780451773865,0.40625,0.16223142599653056,-1.2523657615096897,2.8403459714969688,0.30951668596198295,,,,,,0.9999999848794109,-4.308985922036734e-05
QSO_322.8542049-43.9141696,,,0.02634083852171898,20.0,1.0,,,0.014851734973490238,20.0,1.0,1.0,1.0,1.0,1.0,0.5727499999999957,0.3882499999999993,0.511750000000001,0.9890567917735746,2.0,0.0,0.0,0.007882763743571414,0.11399999999999721,264.8401721809113,19.222823529411766,0.017021602088177063,0.26900000000000013,0.14705882352941177,-0.16666666666666666,0.032470416133329905,0.5727499999999957,0.32787044685753414,0.08651335671613335,-1.2037772707825716,0.3272032531288945,,,,,,0.9985423162774979,-0.00012531370524808142,0.5805000000000007,0.9994204392509807,1.0,0.0,0.0,0.171574957077505,-0.4720000000000013,1315.068441174169,18.629647058823526,0.01866148357809405,0.20049999999999812,0.17647058823529413,-0.1,0.04444741413871433,0.3882499999999993,0.26359364905005,-0.7848523589642402,-0.12519012732415336,0.3476568526539234,,,,,,0.9999999848794109,-0.00010638456366468722
QSO_322.8649887-44.0032098,,,0.002745919395238161,22.0,1.0,,,0.03502059727907181,22.0,1.0,1.0,1.0,1.0,1.0,0.39699999999999847,0.37349999999999994,0.5047499999999978,0.8802064146527538,1.0,0.0,0.0,0.31611812034840614,0.1455000000000055,1431.5065073781157,19.182999999999996,0.014837710067291707,0.20500000000000185,0.22857142857142856,0.03333333333333333,0.030192227329711815,0.39699999999999847,0.3474162654640745,0.3719024360120903,-0.4959147666238106,0.28463179222085677,,,,,,0.9999999848794109,-9.634758788637892e-05,0.48049999999999926,0.37368663128350155,1.0,0.0,0.0,2.025836145455172,-0.13500000000000512,4821.9166564315365,18.605285714285717,0.014203821725562322,0.17400000000000304,0.3142857142857143,-0.1,0.03606363538643464,0.37349999999999994,0.22628701183080666,-0.33664981463981514,-0.1590958634773747,0.2642661614388658,,,,,,0.9999999848794109,-8.122436774125091e-05
QSO_322.8681228-44.1437279,,,0.046693094074726105,22.0,1.0,,,0.02436469867825508,22.0,1.0,1.0,1.0,1.0,1.0,0.4152499999999968,0.5087499999999991,0.5547500000000003,0.3836291167235464,3.0,0.0,0.0,2.5696152209070617,-0.04099999999999682,4191.78065624274,19.1733,0.014934013493456586,0.17900000000000027,0.3,0.03333333333333333,0.03203310000260224,0.4152499999999968,0.3572397457400523,-0.09953248467632239,-0.02522460249981817,0.28633432091409117,,,,,,0.9999999848794109,-0.00011736841605791352,0.8000000000000007,0.9999880631277857,1.0,0.0,0.0,2.4584687936673792,-1.391999999999996,6063.92670096983,18.633466666666667,0.022726664355138503,0.22900000000000098,0.4,-0.03333333333333333,0.08737295801628263,0.5087499999999991,0.2630343777181126,-1.6728400807493162,4.392791331727542,0.4234765427059948,,,,,,0.9999999848794109,-0.00012244969660909255
QSO_322.8704382-43.9759639,,,0.006375021301209927,22.0,1.0,,,0.028461014851927757,22.0,1.0,1.0,1.0,1.0,1.0,0.570999999999998,0.38300000000000267,0.628499999999999,0.8754329643400115,2.0,0.0,0.0,0.6673183442455896,-0.0799999999999983,3762.5569289150176,19.150620689655174,0.01874322399115243,0.2900000000000027,0.3793103448275862,-0.06666666666666667,0.040846250523669754,0.570999999999998,0.3260353029816449,-0.08384948617142686,-0.37435543977827734,0.35894437315580496,,,,,,0.9999999848794109,-0.0001469691343240124,0.3642500000000002,0.9282027505856432,1.0,0.0,0.0,2.8877579300501,-0.19500000000000028,4438.355694047017,18.746344827586206,0.01207080686521598,0.18900000000000006,0.1724137931034483,0.0,0.025265957446808585,0.38300000000000267,0.21564920994950215,-0.3197381805234767,-0.9706338869025775,0.22628350784253368,,,,,,0.9999999848794109,-3.914153137615677e-05
QSO_322.9011999-44.0841773,,,0.011431693099439144,23.0,1.0,,,0.02118849754333496,23.0,1.0,1.0,1.0,1.0,1.0,0.4140000000000015,0.38149999999999906,0.6600000000000001,0.9687381947664349,1.0,0.0,0.0,2.617353618568207,-0.17100000000000648,8803.653790037228,19.144685714285718,0.019338523234589837,0.2940000000000005,0.45714285714285713,0.03333333333333333,0.040016739028090206,0.4140000000000015,0.27935203495638494,-0.3184702910441618,-0.33773314028568846,0.37022994950463445,,,,,,0.9999999848794109,-0.00010461757824162897,0.6792499999999997,0.5602683213264846,1.0,0.0,0.0,3.329162478073426,-0.22050000000000125,7324.200623761772,18.461228571428574,0.017997205006462996,0.19200000000000017,0.3142857142857143,0.03333333333333333,0.05074821080026025,0.38149999999999906,0.23374789074283214,-0.4945720901973957,0.9634678932793657,0.332250515271172,,,,,,0.9999999848794109,-8.442236601225982e-05
QSO_322.9467498-43.989114,,,0.016269046813249588,27.0,1.0,,,0.030290383845567703,27.0,1.0,1.0,1.0,1.0,1.0,0.3614999999999995,0.5530000000000044,0.4604999999999997,0.5308857694232653,1.0,0.0,0.0,3.2689411223148084,0.0589999999999975,6127.853231904407,19.179000000000006,0.013917040508126621,0.19500000000000028,0.2765957446808511,0.1,0.028987778125979302,0.3614999999999995,0.22526900930000524,0.07541034849897797,-0.6685513077146079,0.26691491990536054,,,,,,0.9999999848794109,-3.712541643871531e-05,0.5050000000000008,0.9971066219906727,4.0,0.0,0.0,0.0006031921141272962,-0.37599999999999767,82.1917721119848,18.597106382978726,0.017509495964238952,0.2759999999999998,0.2127659574468085,-0.03333333333333333,0.04732775273663884,0.5530000000000044,0.316501527986784,-0.4376935179884377,-0.5279773684809554,0.3256259591592885,,,,,,0.9999999848794109,-0.00011939052723246161
QSO_322.947423-43.9589441,,,0.02478751353919506,23.0,1.0,,,0.03182043880224228,23.0,1.0,1.0,1.0,1.0,1.0,0.43299999999999983,0.5410000000000004,0.5235000000000003,0.5376258963624359,1.0,0.0,0.0,0.9933450727339362,0.17899999999999494,3552.511039062314,19.203551724137927,0.01473327873937796,0.17900000000000205,0.3448275862068966,-0.06666666666666667,0.03453139692822055,0.43299999999999983,0.26930149537971526,0.364499370524071,-0.21058279684541148,0.2829312803377863,,,,,,0.9999999848794109,-7.602340337985145e-05,0.43849999999999945,0.9436195906554403,1.0,0.0,0.0,1.1454985172408325,-0.08200000000000074,3251.141207985069,18.66803448275862,0.015372611831530065,0.2789999999999999,0.1724137931034483,-0.26666666666666666,0.027345213249852986,0.5410000000000004,0.18378502574740263,-0.19667552719979559,-1.1139423593290716,0.2869764477610664,,,,,,0.9999999848794109,-6.603758544483963e-05
QSO_322.9474383-43.906338,,,0.0014422748936340213,22.0,1.0,,,0.03789406642317772,22.0,1.0,1.0,1.0,1.0,1.0,0.42299999999999827,0.37599999999999767,0.5284999999999993,0.6724742012295425,3.0,0.0,0.0,1.151206415397372,-0.012000000000000455,4767.123099256435,19.178969696969695,0.01618798641873619,0.21600000000000108,0.18181818181818182,-0.1,0.0296296296296297,0.42299999999999827,0.35717472300714154,0.2169010745380733,-0.7556616933064486,0.3104689009798984,,,,,,0.9999999848794109,-0.00011041072382494335,0.3550000000000004,0.9991093967448621,1.0,0.0,0.0,7.279923183037064,-0.27300000000000324,6246.575095577351,18.759575757575757,0.012060867818452727,0.14999999999999858,0.21212121212121213,-0.03333333333333333,0.02677575306805511,0.37599999999999767,0.16520314423646246,-0.5531546745465349,-0.7755290109683148,0.22625676354237137,,,,,,0.9999999848794109,-1.566368596078901e-05
QSO_322.9518593-43.8469426,,,0.00019621044339146465,19.0,1.0,,,0.00017716974252834916,19.0,1.0,1.0,1.0,1.0,1.0,0.42150000000000176,0.323750000000004,0.7387499999999996,0.9830804139454369,1.0,0.0,0.0,1.5568571787840473,-0.6650000000000063,14.618001289547381,19.15132142857143,0.01914852389722489,0.23100000000000342,0.42857142857142855,-0.1,0.06236659899005694,0.42150000000000176,0.2672237605010409,-1.0785730909852118,2.6995227426414443,0.3667195360384351,,,,,,0.9999999848794109,-0.0001553200913156604,0.4245000000000001,0.23994117295404652,1.0,0.0,0.0,2.172558856839994,-0.05100000000000193,7.148428328872043,18.61189285714286,0.012738264773891323,0.16300000000000026,0.35714285714285715,-0.1,0.025164495770108705,0.323750000000004,0.25363521414501655,-0.0697144221409503,-0.2692905233602998,0.23708321915758243,,,,,,0.9999999848794109,-4.970897534640525e-05
QSO_322.9600467-43.9158954,,,0.009103165939450264,22.0,1.0,,,0.08914091438055038,22.0,1.0,1.0,1.0,1.0,1.0,0.47250000000000014,0.4785000000000039,0.615750000000002,0.30988748713152436,1.0,0.0,0.0,4.229775664765894,-0.01300000000000523,9114.154890915535,19.189323529411766,0.016823655622789032,0.24450000000000394,0.35294117647058826,-0.16666666666666666,0.03359092446595383,0.47250000000000014,0.3126286488570703,0.08144910925266106,-0.40888147940205544,0.3228345706931061,,,,,,0.9999999848794109,-0.0001281716904784729,0.4612499999999997,0.9778342813778707,1.0,0.0,0.0,0.19336742305566654,-0.16400000000000148,1223.7442438704243,18.626617647058826,0.014941624673226097,0.23150000000000048,0.14705882352941177,-0.03333333333333333,0.029814363397712342,0.4785000000000039,0.22915588509486598,-0.21603038444634798,-1.086660386774554,0.2783119298140428,,,,,,0.9999999848794109,-7.417438062708868e-05
QSO_322.9609905-44.0379565,,,0.0008195196278393269,22.0,1.0,,,0.0028563595842570066,22.0,1.0,1.0,1.0,1.0,1.0,0.4510000000000005,0.6275000000000013,0.7204999999999995,0.8987621026281473,4.0,0.0,0.0,0.5990886527664022,-0.34499999999999886,3351.5980410480697,19.171897435897442,0.01806444840599722,0.2079999999999984,0.3333333333333333,0.03333333333333333,0.04832249674902481,0.4510000000000005,0.3255420707929693,-0.5859053540898262,0.45937858778190144,0.3463297520758397,,,,,,0.9999999848794109,-0.0001367371525591552,0.6362500000000004,0.9872102196048019,2.0,0.0,0.0,3.564085878072191,-0.2675000000000054,8840.182299004236,18.55051282051282,0.019836835826518566,0.3279999999999994,0.1282051282051282,0.1,0.051066580478345204,0.6275000000000013,0.3226676331360093,-0.34238501420075224,-0.5962273954147359,0.3679834773182407,,,,,,0.9999999848794109,-0.00011458389010570587
QSO_322.991604-44.0770244,,,0.024103352800011635,22.0,1.0,,,0.0017762004863470793,22.0,1.0,1.0,1.0,1.0,1.0,0.49150000000000205,0.5300000000000011,0.47825000000000095,0.9948703237171214,1.0,0.0,0.0,4.0624176884804895,0.17950000000000443,8337.899213833576,19.17745,0.01521933473772853,0.2585000000000015,0.3,0.1,0.031018506400020997,0.49150000000000205,0.20285709196731663,0.14340025028362768,-1.156133113372071,0.291868030966052,,,,,,4.2300630066830894e-13,-4.929548426790757e-05,0.5454999999999988,0.9268091732691458,1.0,0.0,0.0,2.3168073982872324,-0.25799999999999557,7534.246277560423,18.655849999999997,0.01743519967639946,0.2754999999999992,0.225,-0.1,0.040750842291031444,0.5300000000000011,0.2337953322907773,-0.30407688353785045,-0.8593835183335456,0.3252684698829568,,,,,,0.9999999848794109,-6.321280270840867e-05
QSO_323.0159836-44.0995969,,,0.11883964389562607,22.0,1.0,,,0.15172331035137177,22.0,1.0,1.0,1.0,1.0,1.0,0.40700000000000003,0.4549999999999983,0.5282499999999999,0.2630092373577463,1.0,0.0,0.0,2.543620415873865,0.13649999999999807,4502.282927075525,19.19875675675676,0.015031472871256215,0.20400000000000063,0.2972972972972973,-0.1,0.0312614164187673,0.40700000000000003,0.2303494407757123,0.16205595154098484,-0.39965996540524884,0.28858559135103623,,,,,,0.9999999848794109,-7.521915458478642e-05,0.6059999999999999,0.9673075035846721,2.0,0.0,0.0,1.9192464087433323,-0.45300000000000296,5570.776035529524,18.62837837837838,0.01673811016975016,0.2270000000000003,0.24324324324324326,-0.1,0.051507201370669796,0.4549999999999983,0.3085839936417257,-0.7748502017435851,0.7030679715067873,0.31180384958108914,,,,,,0.9999999848794109,-9.791131034624467e-05
QSO_323.0163626-43.9638997,,,0.034085582941770554,25.0,1.0,,,0.0021884655579924583,25.0,1.0,1.0,1.0,1.0,1.0,0.588000000000001,0.5389999999999979,0.6727500000000006,0.5565970375230759,1.0,0.0,0.0,1.3338172896205425,-0.12749999999999773,5707.761952220951,19.177621621621622,0.019341672597944018,0.2940000000000005,0.32432432432432434,0.1,0.043201502660962086,0.588000000000001,0.2899373002819112,-0.13005334629609724,-0.5080640645406627,0.3709272786126576,,,,,,0.9999999848794109,-0.00010207246833781575,0.7050000000000001,0.9969430865733948,1.0,0.0,0.0,1.257983690522612,-0.5730000000000004,5388.127282896577,18.564351351351352,0.019951079928018933,0.2789999999999999,0.2702702702702703,-0.16666666666666666,0.06778386507680742,0.5389999999999979,0.2889387403786491,-1.0431112137803233,1.8282067671799034,0.3703788576226371,,,,,,0.9999999848794109,-0.00011152766487797621
QSO_323.0366253-43.89685,,,0.0016751154325902462,20.0,1.0,,,0.008876561187207699,20.0,1.0,1.0,1.0,1.0,1.0,0.4349999999999987,0.5249999999999986,0.6572499999999977,0.4521431100120329,1.0,0.0,0.0,0.9827584320260735,-0.018000000000000682,3041.0968310936432,19.20809090909091,0.017935476664053904,0.21499999999999986,0.3333333333333333,0.1,0.036748969045257644,0.4349999999999987,0.2999861470145581,-0.031612719739406235,-0.16309774561247004,0.34450626626102593,,,,,,0.9999999848794109,-9.937403880084993e-05,0.8612500000000001,0.998520710842243,1.0,0.0,0.0,0.3749682672927693,-1.2849999999999966,3287.6711029354547,18.543515151515148,0.02324904345120569,0.2829999999999977,0.3939393939393939,-0.03333333333333333,0.09508443583951816,0.5249999999999986,0.2143630417893324,-1.8147001668622742,6.970403106630366,0.4311189894956668,,,,,,0.9999999848794109,-9.053970611190257e-05
